,player,matches,runs,hs,batting_avg,_100,wkts,bb_inn,bowling_avg,_5w,catches_taken,stumping_made,avg_diff,season
0,Ahmed Shehzad (PAK),4,215,98*,71.66,0,,,,,,,,
1,RS Bopara (ENG),4,76,45,76.00,0,0,,,,,,,
2,JC Buttler (ENG),4,44,27,14.66,0,,,,,,,,
3,JW Dernbach (ENG),4,,,,,,,,,,,,
4,AD Hales (ENG),4,141,94,47.00,0,,,,,,,,
5,MJ Lumb (ENG),4,96,43,24.00,0,,,,,,,,
6,H Masakadza (ZIM),4,120,59,30.00,0,1,1/4,11.00,0,0,0,19.00,2013
7,T Mishra (KENYA),4,19,13,4.75,0,3,3/25,11.00,0,2,0,-6.24,2013
8,Mohammad Hafeez (PAK),4,80,54*,26.66,0,7,3/30,7.85,0,1,0,18.80,2013
9,CO Obuya (KENYA),4,132,75*,132.00,0,,,,,,,,
10,NN Odhiambo (KENYA),4,11,5,5.50,0,2,2/15,42.00,0,1,0,-36.49,2013
11,MA Ouma (KENYA),4,40,19,10.00,0,,,,,,,,
12,RR Patel (KENYA),4,86,46*,28.66,0,,,,,,,,
13,Shahid Afridi (PAK),4,75,46,37.50,0,4,3/25,25.50,0,3,0,12.00,2013
14,V Sibanda (ZIM),4,86,32,21.50,0,,,,,,,,
15,BRM Taylor (ZIM),4,90,40,30.00,0,,,,,,,,
16,Umar Amin (PAK),4,68,47,22.66,0,,,,,,,,
17,P Utseya (ZIM),4,6,6,6.00,0,5,2/15,19.80,0,0,0,-13.79,2013
18,HA Varaiya (KENYA),4,7,5*,-,,,,,,,,,
19,BV Vitori (ZIM),4,1,1*,-,,,,,,,,,
20,MN Waller (ZIM),4,70,26*,35.00,0,0,,,,,,,
21,SC Williams (ZIM),4,56,25,14.00,0,0,,,,,,,
22,LJ Wright (ENG),4,86,52,28.66,0,2,2/31,29.00,0,1,0,-0.33,2013
23,RG Aga (KENYA),3,10,8,5.00,0,4,3/24,15.50,0,1,0,-10.49,2013
24,DR Briggs (ENG),3,,,,,,,,,,,,
25,LD Chandimal (SL),3,24,14,8.00,0,,,,,,,,
26,H Davids (SA),3,8,7,2.66,0,0,,,,,,,
27,Q de Kock (SA),3,40,19,13.33,0,,,,,,,,
28,AB de Villiers (SA),3,31,15,15.50,0,,,,,,,,
29,JP Duminy (SA),3,132,51*,66.00,0,3,3/18,6.00,0,1,0,60.00,2013
30,F du Plessis (SA),3,105,85,35.00,0,,,,,,,,
31,Imran Tahir (SA),3,,,,,,,,,,,,
32,SW Masakadza (ZIM),3,9,9,9.00,0,2,1/37,55.00,0,1,0,-45.99,2013
33,AD Mathews (SL),3,19,14,6.33,0,1,1/13,59.00,0,1,0,-52.66,2013
34,BAW Mendis (SL),3,0,0*,-,,,,,,,,,
35,DA Miller (SA),3,61,36,30.50,0,,,,,,,,
36,EJG Morgan (ENG),3,27,20,9.00,0,,,,,,,,
37,M Morkel (SA),3,,,,,,,,,,,,
38,Nasir Jamshed (PAK),3,31,23,10.33,0,,,,,,,,
39,SO Ngoche (KENYA),3,2,2,2.00,0,5,4/34,17.40,0,0,0,-15.39,2013
40,AA Obanda (KENYA),3,78,47,26.00,0,,,,,,,,
41,E Otieno (KENYA),3,3,3,3.00,0,0,,,,,,,
42,T Panyangara (ZIM),3,1,1*,-,,,,,,,,,
43,WD Parnell (SA),3,10,10*,-,,,,,,,,,
44,MDKJ Perera (SL),3,33,21,11.00,0,,,,,,,,
45,NLTC Perera (SL),3,47,25*,47.00,0,0,,,,,,,
46,Saeed Ajmal (PAK),3,0,0,0.00,0,2,2/21,37.00,0,1,0,-36.99,2013
47,SMSM Senanayake (SL),3,1,1*,1.00,0,5,3/14,10.40,0,0,0,-9.39,2013
48,Sohail Tanvir (PAK),3,0,0,0.00,0,2,2/20,35.50,0,1,0,-35.49,2013
49,HDRL Thirimanne (SL),3,23,18,11.50,0,,,,,,,,
50,LL Tsotsobe (SA),3,,,,,,,,,,,,
51,D Wiese (SA),3,10,7*,-,,,,,,,,,
52,Zulfiqar Babar (PAK),3,24,13*,-,,,,,,,,,
53,Abdur Razzak (BAN),2,8,6*,8.00,0,2,2/18,26.50,0,0,0,-18.49,2013
54,Ahsan Malik (NED),2,3,3*,-,,,,,,,,,
55,DI Allan (KENYA),2,33,18,16.50,0,1,1/8,20.00,0,0,0,-3.49,2013
56,CJ Anderson (NZ),2,,,,,,,,,,,,
57,Anwar Ali (PAK),2,10,10*,-,,,,,,,,,
58,Asad Ali (PAK),2,,,,,,,,,,,,
59,S Badree (WI),2,1,1*,-,,,,,,,,,
60,GJ Bailey (AUS),2,24,23,12.00,0,,,,,,,,
61,W Barresi (NED),2,3,3*,3.00,0,,,,,,,,
62,RD Berrington (SCOT),2,49,29,24.50,0,,,,,,,,
63,TL Best (WI),2,17,17*,-,,,,,,,,,
64,DJ Bravo (WI),2,60,35,30.00,0,0,,,,,,,
65,SCJ Broad (ENG),2,4,4*,-,,,,,,,,,
66,Mudassar Bukhari (NED),2,7,4,3.50,0,3,2/24,17.33,0,1,0,-13.83,2013
67,IG Butler (NZ),2,,,,,,,,,,,,
68,NM Carter (SCOT),2,,,,,,,,,,,,
69,J Charles (WI),2,1,1,0.50,0,,,,,,,,
70,TL Chatara (ZIM),2,,,,,,,,,,,,
71,E Chigumbura (ZIM),2,41,35*,41.00,0,1,1/30,43.00,0,1,0,-1.99,2013
72,TLW Cooper (NED),2,35,25,17.50,0,,,,,,,,
73,MH Cross (SCOT),2,17,10,8.50,0,,,,,,,,
74,TN de Grooth (NED),2,20,19,10.00,0,,,,,,,,
75,TM Dilshan (SL),2,83,74*,83.00,0,0,,,,,,,
76,GD Drummond (SCOT),2,,,,,,,,,,,,
77,JP Faulkner (AUS),2,10,5*,10.00,0,3,2/37,25.33,0,0,0,-15.33,2013
78,Fawad Ahmed (AUS),2,3,3*,-,,,,,,,,,
79,AJ Finch (AUS),2,161,156,80.50,1,,,,,,,,
80,ST Finn (ENG),2,,,,,,,,,,,,
81,JEC Franklin (NZ),2,0,0,0.00,0,0,,,,,,,
82,CH Gayle (WI),2,6,5,3.00,0,,,,,,,,
83,G Goudie (SCOT),2,9,9*,-,,,,,,,,,
84,TGJ Gruijters (NED),2,5,5,5.00,0,1,1/22,22.00,0,1,0,-16.99,2013
85,Hammad Azam (PAK),2,11,10,5.50,0,,,,,,,,
86,RM Haq (SCOT),2,,,,,,,,,,,,
87,RM Hira (NZ),2,,,,,,,,,,,,
88,MM Iqbal (SCOT),2,12,12,12.00,0,,,,,,,,
89,DPMD Jayawardene (SL),2,39,33,19.50,0,,,,,,,,
90,MG Johnson (AUS),2,3,3*,-,,,,,,,,,
91,IA Karim (KENYA),2,15,11,7.50,0,,,,,,,,
92,KMDN Kulasekara (SL),2,10,10,10.00,0,3,2/22,19.66,0,0,0,-9.66,2013
93,TWM Latham (NZ),2,22,22,22.00,0,,,,,,,,
94,MJ McClenaghan (NZ),2,,,,,,,,,,,,
95,BB McCullum (NZ),2,68,68,68.00,0,,,,,,,,
96,NL McCullum (NZ),2,,,,,,,,,,,,
97,CS MacLeod (SCOT),2,59,46*,59.00,0,2,2/17,13.50,0,1,0,45.50,2013
98,Mahmudullah (BAN),2,3,2,1.50,0,1,1/35,44.00,0,1,0,-42.49,2013
99,SL Malinga (SL),2,0,0,0.00,0,2,1/25,28.50,0,0,0,-28.49,2013
100,SE Marsh (AUS),2,41,28,20.50,0,,,,,,,,
101,T Maruma (ZIM),2,10,10,5.00,0,,,,,,,,
102,GJ Maxwell (AUS),2,28,27,14.00,0,0,,,,,,,
103,Mohammad Irfan (PAK),2,,,,,,,,,,,,
104,PL Mommsen (SCOT),2,25,24*,-,,,,,,,,,
105,C Munro (NZ),2,0,0*,-,,,,,,,,,
106,Mushfiqur Rahim (BAN),2,45,28,22.50,0,,,,,,,,
107,SP Narine (WI),2,28,28,14.00,0,4,3/26,12.50,0,0,0,1.50,2013
108,Nasir Hossain (BAN),2,27,27,13.50,0,,,,,,,,
109,JO Ngoche (KENYA),2,,,,,,,,,,,,
110,KA Pollard (WI),2,72,49*,72.00,0,1,1/16,16.00,0,2,0,56.00,2013
111,WB Rankin (ENG),2,,,,,,,,,,,,
112,MJG Rippon (NED),2,17,17,17.00,0,0,,,,,,,
113,JE Root (ENG),2,91,90*,-,,,,,,,,,
114,HD Rutherford (NZ),2,62,62,62.00,0,,,,,,,,
115,DJG Sammy (WI),2,31,30,15.50,0,1,1/20,24.00,0,1,0,-8.49,2013
116,MN Samuels (WI),2,26,25,13.00,0,1,1/33,33.00,0,1,0,-19.99,2013
117,KC Sangakkara (SL),2,98,59*,98.00,0,,,,,,,,
118,Sarfaraz Ahmed (PAK),2,,,,,,,,,,,,
119,PM Seelaar (NED),2,2,2,2.00,0,0,,,,,,,
120,Shafiul Islam (BAN),2,,,,,,,,,,,,
121,Shamsur Rahman (BAN),2,55,53,27.50,0,,,,,,,,
122,Shakib Al Hasan (BAN),2,105,65,52.50,0,6,4/21,6.83,0,1,0,45.66,2013
123,Sikandar Raza (ZIM),2,45,31,22.50,0,,,,,,,,
124,LMP Simmons (WI),2,9,6,4.50,0,,,,,,,,
125,Sohag Gazi (BAN),2,10,8*,-,,,,,,,,,
126,Sohaib Maqsood (PAK),2,26,26,26.00,0,,,,,,,,
127,BA Stokes (ENG),2,9,9*,-,,,,,,,,,
128,MR Swart (NED),2,116,89,58.00,0,1,1/39,39.00,0,0,0,19.00,2013
129,Tamim Iqbal (BAN),2,45,43,22.50,0,,,,,,,,
130,LRPL Taylor (NZ),2,32,32*,-,,,,,,,,,
131,JC Tredwell (ENG),2,,,,,,,,,,,,
132,Umar Akmal (PAK),2,55,46*,55.00,0,,,,,,,,
133,DLS van Bunge (NED),2,23,19,23.00,0,0,,,,,,,
134,MS Wade (AUS),2,19,15*,19.00,0,,,,,,,,
135,DA Warner (AUS),2,54,53,27.00,0,,,,,,,,
136,SR Watson (AUS),2,44,37,22.00,0,1,1/42,66.00,0,0,0,-43.99,2013
137,CD Barnwell (WI),1,10,10,10.00,0,,,,,,,,
138,CG Burnett (SCOT),1,,,,,,,,,,,,
139,FRJ Coleman (SCOT),1,9,9,9.00,0,,,,,,,,
140,NM Coulter-Nile (AUS),1,13,13,13.00,0,0,,,,,,,
141,ST Gabriel (WI),1,,,,,,,,,,,,
142,Haris Sohail (PAK),1,1,1,1.00,0,,,,,,,,
143,JR Hazlewood (AUS),1,,,,,,,,,,,,
144,Junaid Khan (PAK),1,0,0*,-,,,,,,,,,
145,RAS Lakmal (SL),1,,,,,,,,,,,,
146,MA Leask (SCOT),1,1,1,1.00,0,,,,,,,,
147,BMAJ Mendis (SL),1,0,0,0.00,0,,,,,,,,
148,Mominul Haque (BAN),1,9,9,9.00,0,0,,,,,,,
149,N M'shangwe (ZIM),1,0,0,0.00,0,1,1/29,29.00,0,0,0,-28.99,2013
150,CT Mutombodzi (ZIM),1,12,12*,-,,,,,,,,,
151,SJ Myburgh (NED),1,41,41,41.00,0,,,,,,,,
152,NM Odhiambo (KENYA),1,0,0,0.00,0,1,1/13,13.00,0,1,0,-12.99,2013
153,LN Oluoch (KENYA),1,,,,,,,,,,,,
154,KP Pietersen (ENG),1,,,,,,,,,,,,
155,Robiul Islam (BAN),1,,,,,,,,,,,,
156,Sajedul Islam (BAN),1,,,,,,,,,,,,
157,PA van Meekeren (NED),1,3,3,3.00,0,0,,,,,,,
158,CD Wallace (SCOT),1,23,23,23.00,0,,,,,,,,
159,CR Woakes (ENG),1,,,,,,,,,,,,
160,Ziaur Rahman (BAN),1,2,2,2.00,0,,,,,,,,
161,SP Narine (WI),3,0,0*,-,,,,,,,,,
162,KA Pollard (WI),3,29,16,14.50,0,1,1/19,33.00,0,0,0,-18.49,2014
163,D Ramdin (WI),3,3,2*,3.00,0,,,,,,,,
164,AD Russell (WI),3,15,14*,15.00,0,1,1/17,38.00,0,1,0,-22.99,2014
165,DJG Sammy (WI),3,20,10,10.00,0,3,3/22,14.66,0,2,0,-4.66,2014
166,LMP Simmons (WI),3,37,36,18.50,0,,,,,,,,
167,DR Smith (WI),3,17,9,8.50,0,,,,,,,,
168,CJ Anderson (NZ),2,29,15,14.50,0,3,2/32,27.66,0,3,0,-13.16,2014
169,S Badree (WI),2,,,,,,,,,,,,
170,RS Bopara (ENG),2,49,28*,-,,,,,,,,,
171,TA Boult (NZ),2,5,5,5.00,0,4,2/22,12.50,0,2,0,-7.49,2014
172,DM Bravo (WI),2,44,30,22.00,0,,,,,,,,
173,JC Buttler (ENG),2,36,26,18.00,0,,,,,,,,
174,SS Cottrell (WI),2,,,,,,,,,,,,
175,ADS Fletcher (WI),2,114,62,57.00,0,,,,,,,,
176,HF Gurney (ENG),2,,,,,,,,,,,,
177,AD Hales (ENG),2,106,66,53.00,0,,,,,,,,
178,TWM Latham (NZ),2,3,3,3.00,0,,,,,,,,
179,BB McCullum (NZ),2,61,40,30.50,0,,,,,,,,
180,EJG Morgan (ENG),2,76,71,38.00,0,,,,,,,,
181,JDS Neesham (NZ),2,18,11,9.00,0,0,,,,,,,
182,L Ronchi (NZ),2,12,12,12.00,0,,,,,,,,
183,JE Root (ENG),2,31,26,15.50,0,1,1/16,16.00,0,1,0,-0.49,2014
184,K Santokie (WI),2,,,,,,,,,,,,
185,IS Sodhi (NZ),2,0,0*,-,,,,,,,,,
186,TG Southee (NZ),2,2,2,2.00,0,3,2/20,18.00,0,1,0,-15.99,2014
187,LRPL Taylor (NZ),2,49,28*,49.00,0,,,,,,,,
188,JC Tredwell (ENG),2,,,,,,,,,,,,
189,BJ Watling (NZ),2,1,1,1.00,0,,,,,,,,
190,KS Williamson (NZ),2,56,37,28.00,0,1,1/11,11.00,0,0,0,17.00,2014
191,CR Woakes (ENG),2,2,2*,2.00,0,2,1/31,37.00,0,0,0,-34.99,2014
192,Abdur Razzak (BAN),1,,,,,,,,,,,,
193,MM Ali (ENG),1,0,0,0.00,0,1,1/31,31.00,0,0,0,-30.99,2014
194,Al-Amin Hossain (BAN),1,,,,,,,,,,,,
195,Anamul Haque (BAN),1,19,19*,-,,,,,,,,,
196,R Ashwin (IND),1,,,,,,,,,,,,
197,IR Bell (ENG),1,13,13,13.00,0,,,,,,,,
198,DJ Bravo (WI),1,,,,,,,,,,,,
199,MA Carberry (ENG),1,7,7,7.00,0,,,,,,,,
200,LD Chandimal (SL),1,7,7,7.00,0,,,,,,,,
201,S Dhawan (IND),1,33,33,33.00,0,,,,,,,,
202,MS Dhoni (IND),1,27,27*,-,,,,,,,,,
203,TM Dilshan (SL),1,14,14,14.00,0,,,,,,,,
204,ST Finn (ENG),1,,,,,,,,,,,,
205,CH Gayle (WI),1,,,,,,,,,,,,
206,RA Jadeja (IND),1,7,7,7.00,0,1,1/35,35.00,0,0,0,-27.99,2014
207,CJ Jordan (ENG),1,5,5,5.00,0,1,1/43,43.00,0,0,0,-37.99,2014
208,V Kohli (IND),1,66,66,66.00,0,,,,,,,,
209,KMDN Kulasekara (SL),1,9,9*,-,,,,,,,,,
210,RAS Lakmal (SL),1,,,,,,,,,,,,
211,Mahmudullah (BAN),1,,,,,,,,,,,,
212,SL Malinga (SL),1,,,,,,,,,,,,
213,AD Mathews (SL),1,13,13,13.00,0,1,1/7,7.00,0,0,0,6.00,2014
214,Mohammad Mithun (BAN),1,,,,,,,,,,,,
215,Mohammed Shami (IND),1,,,,,,,,,,,,
216,Mushfiqur Rahim (BAN),1,,,,,,,,,,,,
217,Nasir Hossain (BAN),1,,,,,,,,,,,,
218,MDKJ Perera (SL),1,10,10,10.00,0,,,,,,,,
219,NLTC Perera (SL),1,49,49,49.00,0,1,1/24,24.00,0,0,0,25.00,2014
220,AM Rahane (IND),1,8,8,8.00,0,,,,,,,,
221,SK Raina (IND),1,25,25,25.00,0,,,,,,,,
222,AT Rayudu (IND),1,3,3*,-,,,,,,,,,
223,JJ Roy (ENG),1,8,8,8.00,0,,,,,,,,
224,Rubel Hossain (BAN),1,,,,,,,,,,,,
225,SMSM Senanayake (SL),1,,,,,,,,,,,,
226,Shamsur Rahman (BAN),1,,,,,,,,,,,,
227,KV Sharma (IND),1,,,,,,,,,,,,
228,MM Sharma (IND),1,,,,,,,,,,,,
229,Tamim Iqbal (BAN),1,11,11*,-,,,,,,,,,
230,Taskin Ahmed (BAN),1,,,,,,,,,,,,
231,HDRL Thirimanne (SL),1,40,40,40.00,0,,,,,,,,
232,KDK Vithanage (SL),1,38,38,38.00,0,,,,,,,,
233,W Barresi (NED),8,158,75,19.75,0,,,,,,,,
234,RD Berrington (SCOT),8,73,24*,24.33,0,1,1/31,68.00,0,0,0,-43.66,2015
235,PW Borren (NED),8,187,57,37.40,0,1,1/24,62.00,0,9,0,-24.59,2015
236,KJ Coetzer (SCOT),8,145,39,24.16,0,,,,,,,,
237,BN Cooper (NED),8,223,66,31.85,0,,,,,,,,
238,MH Cross (SCOT),8,206,60,41.20,0,,,,,,,,
239,PL Mommsen (SCOT),8,169,68*,84.50,0,,,,,,,,
240,HG Munsey (SCOT),8,105,62*,26.25,0,,,,,,,,
241,KJ O'Brien (IRE),8,109,36,21.80,0,11,3/8,8.63,0,2,0,13.16,2015
242,SR Thompson (IRE),8,42,26*,10.50,0,3,3/10,20.66,0,4,0,-10.16,2015
243,Ahsan Malik (NED),7,2,2*,-,,,,,,,,,
244,PS Airee (NEP),7,59,29,8.42,0,,,,,,,,
245,A Balbirnie (IRE),7,77,31,19.25,0,,,,,,,,
246,Mudassar Bukhari (NED),7,7,4*,2.33,0,11,4/28,14.09,0,4,0,-11.75,2015
247,AR Cusack (IRE),7,13,13*,13.00,0,3,1/7,38.00,0,0,0,-24.99,2015
248,GH Dockrell (IRE),7,26,10*,8.66,0,5,3/21,17.20,0,4,0,-8.53,2015
249,AC Evans (SCOT),7,0,0,0.00,0,9,5/24,14.88,1,3,0,-14.88,2015
250,P Khadka (NEP),7,153,54,25.50,0,0,,,,,,,
251,MA Leask (SCOT),7,24,13,6.00,0,8,3/20,14.87,0,3,0,-8.87,2015
252,G Malla (NEP),7,75,24,10.71,0,,,,,,,,
253,B Regmi (NEP),7,19,11,3.80,0,10,4/16,15.50,0,1,0,-11.69,2015
254,SM Sharif (SCOT),7,34,26,17.00,0,8,3/29,23.87,0,1,0,-6.87,2015
255,Sompal Kami (NEP),7,45,16,11.25,0,7,2/24,26.42,0,0,0,-15.17,2015
256,S Vesawkar (NEP),7,108,27,15.42,0,,,,,,,,
257,MRJ Watt (SCOT),7,1,1*,1.00,0,4,3/28,42.25,0,1,0,-41.24,2015
258,Asghar Afghan (AFG),6,131,44*,26.20,0,,,,,,,,
259,B Bhandari (NEP),6,25,13,4.16,0,,,,,,,,
260,JH Davey (SCOT),6,12,8,12.00,0,2,1/22,75.50,0,3,0,-63.49,2015
261,Dawlat Zadran (AFG),6,0,0*,-,,,,,,,,,
262,Mirwais Ashraf (AFG),6,0,0*,0.00,0,8,2/21,19.75,0,0,0,-19.74,2015
263,Mohammad Nabi (AFG),6,117,33*,29.25,0,7,3/25,23.14,0,5,0,6.10,2015
264,Mohammad Shahzad (AFG),6,171,75,28.50,0,,,,,,,,
265,SJ Myburgh (NED),6,168,71*,42.00,0,,,,,,,,
266,Najibullah Zadran (AFG),6,133,44,33.25,0,,,,,,,,
267,Nawroz Mangal (AFG),6,166,65*,33.20,0,,,,,,,,
268,SW Poynter (IRE),6,27,11,6.75,0,,,,,,,,
269,MJG Rippon (NED),6,64,25*,64.00,0,7,3/11,12.42,0,0,0,51.57,2015
270,Samiullah Shinwari (AFG),6,160,44,40.00,0,0,,,,,,,
271,PM Seelaar (NED),6,25,6*,6.25,0,3,2/19,28.00,0,1,0,-21.74,2015
272,Shafiqullah (AFG),6,34,15,34.00,0,,,,,,,,
273,MR Swart (NED),6,140,76*,28.00,0,0,,,,,,,
274,T van der Gugten (NED),6,14,12*,14.00,0,5,2/16,29.60,0,1,0,-15.59,2015
275,PA van Meekeren (NED),6,,,,,,,,,,,,
276,CA Young (IRE),6,0,0*,-,,,,,,,,,
277,Ahmed Shehzad (PAK),5,143,55,28.60,0,,,,,,,,
278,AG Cremer (ZIM),5,16,9,8.00,0,7,3/18,17.28,0,1,0,-9.28,2015
279,SP Gauchan (NEP),5,8,6*,4.00,0,1,1/30,85.00,0,0,0,-80.99,2015
280,TE Kane (IRE),5,28,26*,28.00,0,7,3/19,10.71,0,0,0,17.28,2015
281,Karan KC (NEP),5,5,2*,2.50,0,4,2/24,34.50,0,1,0,-31.99,2015
282,RP Magar (NEP),5,51,25,10.20,0,,,,,,,,
283,H Masakadza (ZIM),5,135,43,27.00,0,,,,,,,,
284,CB Mpofu (ZIM),5,6,6*,-,,,,,,,,,
285,Mukhtar Ahmed (PAK),5,188,83,37.60,0,,,,,,,,
286,Sagar Pun (NEP),5,55,20,11.00,0,4,3/26,20.25,0,0,0,-9.24,2015
287,Shahid Afridi (PAK),5,76,45,19.00,0,2,1/30,75.00,0,1,0,-55.99,2015
288,Sikandar Raza (ZIM),5,43,17,10.75,0,1,1/19,85.00,0,4,0,-74.24,2015
289,RE van der Merwe (NED),5,65,40*,32.50,0,9,2/10,14.44,0,4,0,18.05,2015
290,KJ Abbott (SA),4,9,9*,-,,,,,,,,,
291,Aizaz Khan (HKG),4,48,31,24.00,0,4,1/7,21.50,0,2,0,2.50,2015
292,J Anderson (IRE),4,12,9,6.00,0,0,,,,,,,
293,Anshuman Rath (HKG),4,46,22,15.33,0,0,,,,,,,
294,Anwar Ali (PAK),4,48,46,24.00,0,3,2/27,38.66,0,3,0,-14.66,2015
295,JJ Atkinson (HKG),4,56,47,18.66,0,,,,,,,,
296,Babar Hayat (HKG),4,52,20*,26.00,0,,,,,,,,
297,MS Chapman (HKG),4,103,40,25.75,0,,,,,,,,
298,CJ Chibhabha (ZIM),4,96,67,32.00,0,0,,,,,,,
299,E Chigumbura (ZIM),4,78,54,19.50,0,,,,,,,,
300,CK Coventry (ZIM),4,30,14,10.00,0,,,,,,,,
301,AB de Villiers (SA),4,90,40,22.50,0,,,,,,,,
302,MJ Guptill (NZ),4,141,60,35.25,0,,,,,,,,
303,Hamid Hassan (AFG),4,,,,,,,,,,,,
304,Haseeb Amjad (HKG),4,5,5,5.00,0,10,4/16,9.90,0,1,0,-4.89,2015
305,Irfan Ahmed (HKG),4,34,16,8.50,0,8,3/11,12.50,0,1,0,-3.99,2015
306,SP Khakurel (NEP),4,24,14,6.00,0,,,,,,,,
307,MJ McClenaghan (NZ),4,0,0,0.00,0,7,2/28,18.71,0,0,0,-18.71,2015
308,NL McCullum (NZ),4,24,18*,12.00,0,3,2/31,45.33,0,2,0,-33.33,2015
309,CS MacLeod (SCOT),4,44,19,14.66,0,,,,,,,,
310,DA Miller (SA),4,62,30*,31.00,0,,,,,,,,
311,Mohammad Hafeez (PAK),4,66,26,16.50,0,0,,,,,,,
312,Mohammad Rizwan (PAK),4,23,17,11.50,0,,,,,,,,
313,JF Mooney (IRE),4,27,18*,13.50,0,6,2/7,13.66,0,0,0,-0.16,2015
314,C Munro (NZ),4,42,23*,14.00,0,,,,,,,,
315,Nadeem Ahmed (HKG),4,10,10,10.00,0,1,1/25,68.00,0,3,0,-57.99,2015
316,Nizakat Khan (HKG),4,85,26,21.25,0,1,1/10,27.00,0,0,0,-5.74,2015
317,AM Phangiso (SA),4,2,2,2.00,0,7,3/30,17.14,0,0,0,-15.14,2015
318,WTS Porterfield (IRE),4,107,57*,53.50,0,,,,,,,,
319,AD Poynter (IRE),4,43,36,21.50,0,,,,,,,,
320,L Ronchi (NZ),4,45,29,11.25,0,,,,,,,,
321,RR Rossouw (SA),4,114,38,57.00,0,,,,,,,,
322,KD Shah (HKG),4,16,12,16.00,0,,,,,,,,
323,Sharafuddin Ashraf (AFG),4,,,,,,,,,,,,
324,Shoaib Malik (PAK),4,68,46*,22.66,0,5,2/16,12.00,0,0,0,10.66,2015
325,PR Stirling (IRE),4,82,34,20.50,0,,,,,,,,
326,Tanwir Afzal (HKG),4,23,18,7.66,0,2,1/34,55.00,0,0,0,-47.33,2015
327,Umar Akmal (PAK),4,84,46,21.00,0,,,,,,,,
328,P Utseya (ZIM),4,16,13*,16.00,0,1,1/31,109.00,0,0,0,-92.99,2015
329,D Wiese (SA),4,2,2,2.00,0,5,2/12,15.80,0,2,0,-13.79,2015
330,SC Williams (ZIM),4,107,58*,35.66,0,7,3/28,17.71,0,2,0,17.95,2015
331,KS Williamson (NZ),4,144,57,36.00,0,0,,,,,,,
332,GC Wilson (IRE),4,46,20,15.33,0,,,,,,,,
333,Abdul Shakoor (UAE),3,28,20*,14.00,0,,,,,,,,
334,CJA Amini (PNG),3,43,37*,43.00,0,2,2/23,15.00,0,2,0,28.00,2015
335,Arafat Sunny (BAN),3,6,5*,-,,,,,,,,,
336,MD Dai (PNG),3,18,11,9.00,0,2,2/13,24.50,0,3,0,-15.49,2015
337,CD de Lange (SCOT),3,1,1,1.00,0,1,1/44,53.00,0,1,0,-51.99,2015
338,GD Elliott (NZ),3,33,20,11.00,0,1,1/7,29.00,0,0,0,-17.99,2015
339,CR Ervine (ZIM),3,51,42,17.00,0,,,,,,,,
340,Faizan Asif (UAE),3,62,28,20.66,0,,,,,,,,
341,WT Gavera (PNG),3,,,,,,,,,,,,
342,Imad Wasim (PAK),3,28,24*,-,,,,,,,,,
343,GT Main (SCOT),3,,,,,,,,,,,,
344,Mashrafe Mortaza (BAN),3,22,17,11.00,0,0,,,,,,,
345,GJ McCarter (IRE),3,,,,,,,,,,,,
346,AF Milne (NZ),3,12,10*,-,,,,,,,,,
347,Mohammad Naveed (UAE),3,38,19*,19.00,0,2,1/10,38.00,0,0,0,-18.99,2015
348,Mohammad Shahzad (UAE),3,70,43,23.33,0,0,,,,,,,
349,Mohammad Tauqir (UAE),3,4,4,4.00,0,0,,,,,,,
350,Mushfiqur Rahim (BAN),3,55,19,18.33,0,,,,,,,,
351,Mustafizur Rahman (BAN),3,1,1,0.50,0,3,2/20,28.00,0,0,0,-27.49,2015
352,T Muzarabani (ZIM),3,,,,,,,,,,,,
353,Nasir Hossain (BAN),3,1,1,0.50,0,3,2/26,26.33,0,1,0,-25.83,2015
354,L Nou (PNG),3,2,2*,-,,,,,,,,,
355,MP O'Dowd (NED),3,20,17,10.00,0,1,1/7,7.00,0,2,0,3.00,2015
356,SP Patil (UAE),3,45,34,15.00,0,,,,,,,,
357,K Rabada (SA),3,5,5*,-,,,,,,,,,
358,Sabbir Rahman (BAN),3,56,51*,28.00,0,,,,,,,,
359,Shaiman Anwar (UAE),3,59,35,19.66,0,,,,,,,,
360,Shapoor Zadran (AFG),3,,,,,,,,,,,,
361,Shakib Al Hasan (BAN),3,91,57*,45.50,0,1,1/24,78.00,0,1,0,-32.49,2015
362,L Siaka (PNG),3,13,7,4.33,0,,,,,,,,
363,Sohail Tanvir (PAK),3,9,8,4.50,0,4,3/29,22.25,0,0,0,-17.74,2015
364,Soumya Sarkar (BAN),3,44,37,14.66,0,0,,,,,,,
365,Tamim Iqbal (BAN),3,32,14,10.66,0,,,,,,,,
366,Umair Ali (UAE),3,22,13,22.00,0,1,1/13,28.00,0,0,0,-5.99,2015
367,TP Ura (PNG),3,43,32,14.33,0,,,,,,,,
368,A Vala (PNG),3,73,34*,36.50,0,3,2/7,6.66,0,2,0,29.83,2015
369,N Vanua (PNG),3,50,28*,-,,,,,,,,,
370,JNT Vare (PNG),3,18,13,9.00,0,,,,,,,,
371,CD Wallace (SCOT),3,26,26*,-,,,,,,,,,
372,RI Ahmed (NED),2,38,25,19.00,0,,,,,,,,
373,Amjad Javed (UAE),2,23,14,11.50,0,1,1/37,61.00,0,0,0,-49.49,2015
374,HM Amla (SA),2,62,48,31.00,0,,,,,,,,
375,F Behardien (SA),2,40,36,40.00,0,1,1/4,4.00,0,0,0,36.00,2015
376,Bilawal Bhatti (PAK),2,13,13*,-,,,,,,,,,
377,SW Billings (ENG),2,23,21,11.50,0,,,,,,,,
378,STR Binny (IND),2,35,24,17.50,0,1,1/14,22.00,0,0,0,-4.49,2015
379,Q de Kock (SA),2,56,44,28.00,0,,,,,,,,
380,DM de Silva (SL),2,45,31,22.50,0,,,,,,,,
381,TM Dilshan (SL),2,16,10,8.00,0,,,,,,,,
382,JP Duminy (SA),2,24,18,12.00,0,2,2/11,18.50,0,1,0,-6.49,2015
383,F du Plessis (SA),2,95,79*,95.00,0,,,,,,,,
384,B Fernando (SL),2,8,8*,-,,,,,,,,,
385,ST Finn (ENG),2,,,,,,,,,,,,
386,AM Guruge (UAE),2,1,1,1.00,0,1,1/18,46.00,0,0,0,-44.99,2015
387,AD Hales (ENG),2,30,27,15.00,0,,,,,,,,
388,KM Jadhav (IND),2,14,9,7.00,0,,,,,,,,
389,CK Kapugedera (SL),2,79,48*,-,,,,,,,,,
390,A Karn (NEP),2,4,4,4.00,0,1,1/31,49.00,0,0,0,-44.99,2015
391,B Kumar (IND),2,9,9,9.00,0,2,2/26,24.00,0,0,0,-14.99,2015
392,TWM Latham (NZ),2,15,12,7.50,0,,,,,,,,
393,E Leie (SA),2,,,,,,,,,,,,
394,Litton Das (BAN),2,32,22,16.00,0,,,,,,,,
395,AR McBrine (IRE),2,,,,,,,,,,,,
396,SL Malinga (SL),2,,,,,,,,,,,,
397,AK Mandal (NEP),2,11,9,5.50,0,,,,,,,,
398,Mohammad Irfan (PAK),2,1,1*,-,,,,,,,,,
399,Mohammad Sami (PAK),2,,,,,,,,,,,,
400,EJG Morgan (ENG),2,78,74,39.00,0,,,,,,,,
401,JDS Neesham (NZ),2,28,28,28.00,0,2,1/21,21.50,0,1,0,6.50,2015
402,NJ O'Brien (IRE),2,12,9,6.00,0,,,,,,,,
403,K Pala (PNG),2,41,22*,41.00,0,,,,,,,,
404,MK Pandey (IND),2,19,19,9.50,0,,,,,,,,
405,WD Parnell (SA),2,,,,,,,,,,,,
406,AR Patel (IND),2,13,13,13.00,0,4,3/17,10.00,0,2,0,3.00,2015
407,MDKJ Perera (SL),2,23,19,11.50,0,,,,,,,,
408,NLTC Perera (SL),2,3,2,1.50,0,3,2/30,19.00,0,0,0,-17.49,2015
409,AM Rahane (IND),2,37,33,18.50,0,,,,,,,,
410,AU Rashid (ENG),2,7,7*,-,,,,,,,,,
411,JB Reva (PNG),2,2,2,2.00,0,3,2/11,12.33,0,0,0,-10.33,2015
412,JJ Roy (ENG),2,34,23,17.00,0,,,,,,,,
413,Sandeep Sharma (IND),2,1,1*,-,,,,,,,,,
414,Sarfaraz Ahmed (PAK),2,3,3*,-,,,,,,,,,
415,MM Sharma (IND),2,3,3*,-,,,,,,,,,
416,V Sibanda (ZIM),2,62,49,31.00,0,,,,,,,,
417,TAM Siriwardana (SL),2,58,35,29.00,0,1,1/17,17.00,0,0,0,12.00,2015
418,IS Sodhi (NZ),2,,,,,,,,,,,,
419,MC Sorensen (IRE),2,23,23*,-,,,,,,,,,
420,BA Stokes (ENG),2,25,24*,-,,,,,,,,,
421,RV Uthappa (IND),2,81,42,81.00,0,,,,,,,,
422,JDF Vandersay (SL),2,,,,,,,,,,,,
423,MB van Schelven (NED),2,,,,,,,,,,,,
424,MN van Wyk (SA),2,22,19,11.00,0,,,,,,,,
425,M Vijay (IND),2,47,34,23.50,0,0,,,,,,,
426,TP Visee (NED),2,9,5,4.50,0,,,,,,,,
427,BV Vitori (ZIM),2,,,,,,,,,,,,
428,Wahab Riaz (PAK),2,,,,,,,,,,,,
429,DJ Willey (ENG),2,6,6,6.00,0,5,3/22,11.20,0,1,0,-5.19,2015
430,GH Worker (NZ),2,90,62,45.00,0,1,1/19,19.00,0,1,0,26.00,2015
431,Aamir Kaleem (OMA),1,10,10,10.00,0,,,,,,,,
432,Aftab Alam (AFG),1,,,,,,,,,,,,
433,JJ Bumrah (IND),5,,,,,,,,,,,,
434,MS Dhoni (IND),5,71,43,35.50,0,,,,,,,,
435,KL Rahul (IND),5,179,110*,89.50,1,,,,,,,,
436,YS Chahal (IND),3,,,,,,,,,,,,
437,LD Chandimal (SL),3,85,58,28.33,0,,,,,,,,
438,CJ Chibhabha (ZIM),3,35,20,11.66,0,2,2/13,27.50,0,0,0,-15.83,2016
439,E Chigumbura (ZIM),3,78,54*,39.00,0,,,,,,,,
440,AG Cremer (ZIM),3,8,4,4.00,0,1,1/32,91.00,0,0,0,-86.99,2016
441,KM Jadhav (IND),3,77,58,38.50,0,,,,,,,,
442,N Madziva (ZIM),3,6,5*,6.00,0,2,1/32,42.50,0,0,0,-36.49,2016
443,Mandeep Singh (IND),3,87,52*,43.50,0,,,,,,,,
444,H Masakadza (ZIM),3,50,25,16.66,0,,,,,,,,
445,BKG Mendis (SL),3,48,22,16.00,0,,,,,,,,
446,MK Pandey (IND),3,48,48,24.00,0,,,,,,,,
447,AR Patel (IND),3,38,20*,38.00,0,2,1/18,29.50,0,2,0,8.50,2016
448,MDKJ Perera (SL),3,39,22,13.00,0,,,,,,,,
449,AT Rayudu (IND),3,39,20,19.50,0,,,,,,,,
450,DT Tiripano (ZIM),3,11,11*,-,,,,,,,,,
451,MN Waller (ZIM),3,54,30,18.00,0,,,,,,,,
452,R Ashwin (IND),2,,,,,,,,,,,,
453,S Badree (WI),2,1,1,1.00,0,0,,,,,,,
454,CR Brathwaite (WI),2,32,18,16.00,0,0,,,,,,,
455,DJ Bravo (WI),2,4,3,4.00,0,2,2/37,18.50,0,1,0,-14.49,2016
456,JC Buttler (ENG),2,89,73*,89.00,0,,,,,,,,
457,J Charles (WI),2,122,79,61.00,0,,,,,,,,
458,DM de Silva (SL),2,74,62,37.00,0,0,,,,,,,
459,TM Dilshan (SL),2,5,4,2.50,0,2,2/8,4.00,0,0,0,-1.49,2016
460,JP Faulkner (AUS),2,1,1,1.00,0,4,3/19,14.25,0,2,0,-13.24,2016
461,ADS Fletcher (WI),2,3,3,3.00,0,,,,,,,,
462,TM Head (AUS),2,54,45,54.00,0,,,,,,,,
463,MC Henriques (AUS),2,1,1,1.00,0,1,1/24,45.00,0,1,0,-43.99,2016
464,RA Jadeja (IND),2,,,,,,,,,,,,
465,CJ Jordan (ENG),2,,,,,,,,,,,,
466,CK Kapugedera (SL),2,50,43,25.00,0,,,,,,,,
467,UT Khawaja (AUS),2,42,36,21.00,0,,,,,,,,
468,V Kohli (IND),2,16,16,16.00,0,,,,,,,,
469,DS Kulkarni (IND),2,1,1*,-,,,,,,,,,
470,B Kumar (IND),2,,,,,,,,,,,,
471,RAS Lakmal (SL),2,1,1,1.00,0,0,,,,,,,
472,E Lewis (WI),2,107,100,53.50,1,,,,,,,,
473,GJ Maxwell (AUS),2,211,145*,211.00,1,0,,,,,,,
474,Mohammed Shami (IND),2,,,,,,,,,,,,
475,PJ Moor (ZIM),2,57,31,28.50,0,,,,,,,,
476,EJG Morgan (ENG),2,61,47*,61.00,0,,,,,,,,
477,CT Mutombodzi (ZIM),2,3,3,1.50,0,,,,,,,,
478,T Muzarabani (ZIM),2,0,0*,-,,,,,,,,,
479,SP Narine (WI),2,9,9*,-,,,,,,,,,
480,PM Nevill (AUS),2,3,3*,-,,,,,,,,,
481,SS Pathirana (SL),2,8,6,4.00,0,3,2/23,22.66,0,0,0,-18.66,2016
482,NLTC Perera (SL),2,7,7,3.50,0,1,1/58,77.00,0,2,0,-73.49,2016
483,LE Plunkett (ENG),2,0,0*,-,,,,,,,,,
484,KA Pollard (WI),2,35,22,17.50,0,1,1/30,30.00,0,0,0,-12.49,2016
485,S Prasanna (SL),2,8,7,4.00,0,1,1/16,47.00,0,0,0,-42.99,2016
486,AM Rahane (IND),2,11,7,11.00,0,,,,,,,,
487,AU Rashid (ENG),2,,,,,,,,,,,,
488,JJ Roy (ENG),2,21,21,10.50,0,,,,,,,,
489,AD Russell (WI),2,35,22,17.50,0,1,1/53,60.00,0,0,0,-42.49,2016
490,MN Samuels (WI),2,6,5,6.00,0,,,,,,,,
491,SMSM Senanayake (SL),2,13,7*,-,,,,,,,,,
492,RG Sharma (IND),2,72,62,72.00,0,,,,,,,,
493,Sikandar Raza (ZIM),2,21,20,10.50,0,0,,,,,,,
494,LMP Simmons (WI),2,19,19,9.50,0,,,,,,,,
495,BB Sran (IND),2,,,,,,,,,,,,
496,MA Starc (AUS),2,,,,,,,,,,,,
497,DA Warner (AUS),2,53,28,26.50,0,,,,,,,,
498,A Zampa (AUS),2,,,,,,,,,,,,
499,Aizaz Khan (HKG),1,5,5,5.00,0,3,3/10,3.33,0,0,0,1.66,2016
500,MM Ali (ENG),1,13,13*,-,,,,,,,,,
501,Anshuman Rath (HKG),1,6,6,6.00,0,,,,,,,,
502,Babar Azam (PAK),1,15,15*,-,,,,,,,,,
503,Babar Hayat (HKG),1,49,49,49.00,0,,,,,,,,
504,GJ Bailey (AUS),1,,,,,,,,,,,,
505,JM Bairstow (ENG),1,,,,,,,,,,,,
506,KMC Bandara (SL),1,2,2*,-,,,,,,,,,
507,SW Billings (ENG),1,,,,,,,,,,,,
508,STR Binny (IND),1,,,,,,,,,,,,
509,SM Boland (AUS),1,,,,,,,,,,,,
510,C Carter (HKG),1,,,,,,,,,,,,
511,TL Chatara (ZIM),1,,,,,,,,,,,,
512,LA Dawson (ENG),1,,,,,,,,,,,,
513,R Dhawan (IND),1,1,1*,-,,,,,,,,,
514,Ehsan Khan (HKG),1,29,29*,-,,,,,,,,,
515,Ehsan Nawaz (HKG),1,,,,,,,,,,,,
516,N Pradeep (SL),1,0,0,0.00,0,0,,,,,,,
517,MD Gunathilaka (SL),1,26,26,26.00,0,0,,,,,,,
518,AD Hales (ENG),1,37,37,37.00,0,,,,,,,,
519,Hasan Ali (PAK),1,,,,,,,,,,,,
520,JW Hastings (AUS),1,,,,,,,,,,,,
521,Imad Wasim (PAK),1,,,,,,,,,,,,
522,Khalid Latif (PAK),1,59,59*,-,,,,,,,,,
523,JB Little (IRE),1,0,0,0.00,0,0,,,,,,,
524,AR McBrine (IRE),1,10,10,10.00,0,1,1/22,22.00,0,0,0,-11.99,2016
525,MF Maharoof (SL),1,10,10,10.00,0,0,,,,,,,
526,T Maruma (ZIM),1,23,23*,-,,,,,,,,,
527,AD Mathews (SL),1,11,11,11.00,0,2,2/27,13.50,0,0,0,-2.49,2016
528,TS Mills (ENG),1,,,,,,,,,,,,
529,A Mishra (IND),1,,,,,,,,,,,,
530,Mohammad Amir (PAK),1,,,,,,,,,,,,
531,Mohammad Rizwan (PAK),1,,,,,,,,,,,,
532,J Mulder (IRE),1,1,1,1.00,0,1,1/25,25.00,0,0,0,-23.99,2016
533,R Mutumbami (ZIM),1,0,0*,-,,,,,,,,,
534,Nadeem Ahmed (HKG),1,,,,,,,,,,,,
535,Nizakat Khan (HKG),1,62,62,62.00,0,,,,,,,,
536,KJ O'Brien (IRE),1,32,32,32.00,0,1,1/39,39.00,0,0,0,-6.99,2016
537,WTS Porterfield (IRE),1,4,4,4.00,0,,,,,,,,
538,CAK Rajitha (SL),1,0,0*,-,,,,,,,,,
539,RLB Rambukwella (SL),1,19,19,19.00,0,0,,,,,,,
540,DA Rankin (IRE),1,15,15,15.00,0,,,,,,,,
541,JE Root (ENG),1,6,6,6.00,0,0,,,,,,,
542,Sarfaraz Ahmed (PAK),1,,,,,,,,,,,,
543,Shahid Wasif (HKG),1,2,2*,-,,,,,,,,,
544,MD Shanaka (SL),1,1,1,1.00,0,,,,,,,,
545,JNK Shannon (IRE),1,0,0,0.00,0,,,,,,,,
546,Sharjeel Khan (PAK),1,59,59,59.00,0,,,,,,,,
547,Shoaib Malik (PAK),1,,,,,,,,,,,,
548,V Sibanda (ZIM),1,28,28,28.00,0,,,,,,,,
549,Sohail Tanvir (PAK),1,,,,,,,,,,,,
550,BA Stokes (ENG),1,4,4,4.00,0,0,,,,,,,
551,Tanveer Ahmed (HKG),1,,,,,,,,,,,,
552,Tanwir Afzal (HKG),1,6,6,6.00,0,2,2/18,9.00,0,1,0,-2.99,2016
553,SP Terry (IRE),1,4,4,4.00,0,,,,,,,,
554,GJ Thompson (IRE),1,44,44,44.00,0,,,,,,,,
555,LJ Tucker (IRE),1,4,4,4.00,0,,,,,,,,
556,JD Unadkat (IND),1,,,,,,,,,,,,
557,JM Vince (ENG),1,16,16,16.00,0,,,,,,,,
558,MS Wade (AUS),1,14,14,14.00,0,,,,,,,,
559,Wahab Riaz (PAK),1,,,,,,,,,,,,
560,DJ Willey (ENG),1,12,12,12.00,0,0,,,,,,,
561,CA Young (IRE),1,2,2*,-,,,,,,,,,
562,CR Brathwaite (WI),9,96,37*,48.00,0,12,3/20,14.50,0,5,0,33.50,2017
563,E Lewis (WI),9,357,125*,44.62,1,,,,,,,,
564,SP Narine (WI),9,21,9,5.25,0,10,3/11,19.60,0,4,0,-14.34,2017
565,MN Samuels (WI),9,283,89*,40.42,0,3,1/11,18.00,0,2,0,22.42,2017
566,CAK Walton (WI),9,144,40,18.00,0,,,,,,,,
567,KOK Williams (WI),9,2,2*,-,,,,,,,,,
568,S Badree (WI),8,1,1*,-,,,,,,,,,
569,R Powell (WI),7,35,28,11.66,0,1,1/20,20.00,0,4,0,-8.33,2017
570,LMP Simmons (WI),7,45,17*,9.00,0,,,,,,,,
571,KA Pollard (WI),6,26,14,6.50,0,0,,,,,,,
572,JN Mohammed (WI),5,59,23*,59.00,0,0,,,,,,,
573,JE Taylor (WI),5,1,1,1.00,0,6,2/31,25.83,0,2,0,-24.83,2017
574,Ahmed Shehzad (PAK),4,84,53,21.00,0,,,,,,,,
575,Babar Azam (PAK),4,137,43,34.25,0,,,,,,,,
576,JC Buttler (ENG),4,71,31,23.66,0,,,,,,,,
577,Hasan Ali (PAK),4,0,0*,-,,,,,,,,,
578,JO Holder (WI),4,40,26*,20.00,0,2,2/27,54.50,0,2,0,-34.49,2017
579,Imad Wasim (PAK),4,4,4,2.00,0,2,1/12,42.50,0,3,0,-40.49,2017
580,CJ Jordan (ENG),4,6,6,6.00,0,5,3/31,29.20,0,1,0,-23.19,2017
581,Kamran Akmal (PAK),4,90,48,22.50,0,,,,,,,,
582,JJ Roy (ENG),4,103,67,25.75,0,,,,,,,,
583,Sarfaraz Ahmed (PAK),4,22,12,11.00,0,,,,,,,,
584,Shadab Khan (PAK),4,16,13,16.00,0,10,4/14,7.50,0,0,0,8.50,2017
585,Shoaib Malik (PAK),4,77,38*,38.50,0,0,,,,,,,
586,Wahab Riaz (PAK),4,25,24,12.50,0,4,1/6,27.00,0,1,0,-14.49,2017
587,DJ Willey (ENG),4,2,1,1.00,0,2,1/29,61.50,0,2,0,-60.49,2017
588,Ahmed Raza (UAE),3,,,,,,,,,,,,
589,Amir Hamza (AFG),3,27,21,27.00,0,0,,,,,,,
590,Amjad Javed (UAE),3,,,,,,,,,,,,
591,Asghar Afghan (AFG),3,27,13,9.00,0,,,,,,,,
592,JM Bairstow (ENG),3,134,60*,67.00,0,,,,,,,,
593,S Bau (PNG),3,69,30,34.50,0,0,,,,,,,
594,F Behardien (SA),3,99,64*,49.50,0,,,,,,,,
595,SW Billings (ENG),3,15,12,7.50,0,,,,,,,,
596,TK Curran (ENG),3,2,1*,-,,,,,,,,,
597,MD Dai (PNG),3,60,31,20.00,0,0,,,,,,,
598,AB de Villiers (SA),3,146,65*,73.00,0,,,,,,,,
599,Fakhar Zaman (PAK),3,26,21,13.00,0,,,,,,,,
600,WT Gavera (PNG),3,3,2,1.50,0,2,2/19,31.50,0,0,0,-29.99,2017
601,Ghulam Shabber (UAE),3,19,10*,-,,,,,,,,,
602,Gulbadin Naib (AFG),3,31,12,15.50,0,1,1/10,10.00,0,1,0,5.50,2017
603,AD Hales (ENG),3,126,47*,63.00,0,,,,,,,,
604,RR Hendricks (SA),3,10,7,3.33,0,,,,,,,,
605,Karim Janat (AFG),3,36,20,12.00,0,2,1/12,36.00,0,0,0,-23.99,2017
606,DA Miller (SA),3,24,9,8.00,0,,,,,,,,
607,Mohammad Nabi (AFG),3,48,38,16.00,0,2,1/21,38.50,0,0,0,-22.49,2017
608,Mohammad Naveed (UAE),3,19,15,9.50,0,7,3/18,9.57,0,1,0,-0.07,2017
609,EJG Morgan (ENG),3,8,6,4.00,0,,,,,,,,
610,M Mosehle (SA),3,51,36,25.50,0,,,,,,,,
611,Muhammad Usman (UAE),3,72,58,36.00,0,,,,,,,,
612,Najibullah Zadran (AFG),3,25,11,12.50,0,,,,,,,,
613,AL Phehlukwayo (SA),3,27,27*,27.00,0,4,2/44,22.25,0,0,0,4.75,2017
614,LE Plunkett (ENG),3,18,18,9.00,0,6,3/27,14.16,0,2,0,-5.16,2017
615,Rameez Shahzad (UAE),3,82,47,41.00,0,,,,,,,,
616,Rashid Khan (AFG),3,35,33,17.50,0,2,1/14,25.00,0,0,0,-7.49,2017
617,JB Reva (PNG),3,7,6,3.50,0,3,2/18,23.00,0,0,0,-19.49,2017
618,Rohan Mustafa (UAE),3,16,9,5.33,0,4,2/27,11.75,0,2,0,-6.41,2017
619,Shafiqullah (AFG),3,26,25,8.66,0,,,,,,,,
620,Shaiman Anwar (UAE),3,157,117*,78.50,1,,,,,,,,
621,L Siaka (PNG),3,56,31,18.66,0,,,,,,,,
622,JT Smuts (SA),3,74,45,24.66,0,0,,,,,,,
623,Sohail Tanvir (PAK),3,6,4,6.00,0,2,1/21,45.00,0,0,0,-38.99,2017
624,TP Ura (PNG),3,56,29,18.66,0,,,,,,,,
625,A Vala (PNG),3,23,13,7.66,0,1,1/17,51.00,0,1,0,-43.33,2017
626,N Vanua (PNG),3,19,14,9.50,0,6,3/35,15.83,0,1,0,-6.33,2017
627,JNT Vare (PNG),3,45,38,15.00,0,,,,,,,,
628,MS Crane (ENG),2,,,,,,,,,,,,
629,LA Dawson (ENG),2,7,7*,-,,,,,,,,,
630,MS Dhoni (IND),2,3,2,3.00,0,,,,,,,,
631,CH Gayle (WI),2,58,40,29.00,0,,,,,,,,
632,Imran Haider (UAE),2,,,,,,,,,,,,
633,Imran Tahir (SA),2,,,,,,,,,,,,
634,KM Jadhav (IND),2,4,4,4.00,0,,,,,,,,
635,V Kohli (IND),2,121,82,60.50,0,,,,,,,,
636,Kuldeep Yadav (IND),2,,,,,,,,,,,,
637,B Kumar (IND),2,,,,,,,,,,,,
638,LS Livingstone (ENG),2,16,16,8.00,0,,,,,,,,
639,Mohammed Qasim (UAE),2,26,13*,26.00,0,,,,,,,,
640,M Morkel (SA),2,5,5*,-,,,,,,,,,
641,CH Morris (SA),2,20,12,10.00,0,2,2/18,21.00,0,0,0,-10.99,2017
642,A Nao (PNG),2,7,7*,-,,,,,,,,,
643,Noor Ali Zadran (AFG),2,41,35,20.50,0,,,,,,,,
644,D Paterson (SA),2,4,4*,-,,,,,,,,,
645,Samiullah Shinwari (AFG),2,7,7,3.50,0,0,,,,,,,
646,T Shamsi (SA),2,,,,,,,,,,,,
647,Shapoor Zadran (AFG),2,1,1*,-,,,,,,,,,
648,CA Soper (PNG),2,7,7,7.00,0,1,1/20,27.00,0,0,0,-19.99,2017
649,Sultan Ahmed (UAE),2,,,,,,,,,,,,
650,Adnan Mufti (UAE),1,6,6*,-,,,,,,,,,
651,R Ashwin (IND),1,11,11*,-,,,,,,,,,
652,D Bau (PNG),1,,,,,,,,,,,,
653,JJ Bumrah (IND),1,,,,,,,,,,,,
654,YS Chahal (IND),1,,,,,,,,,,,,
655,A Dananjaya (SL),1,,,,,,,,,,,,
656,Dawlat Zadran (AFG),1,9,9,9.00,0,0,,,,,,,
657,S Dhawan (IND),1,23,23,23.00,0,,,,,,,,
658,N Dickwella (SL),1,17,17,17.00,0,,,,,,,,
659,RA Jadeja (IND),1,13,13*,-,,,,,,,,,
660,Javed Ahmadi (AFG),1,0,0,0.00,0,,,,,,,,
661,KD Karthik (IND),1,48,48,48.00,0,,,,,,,,
662,DJ Malan (ENG),1,78,78,78.00,0,,,,,,,,
663,SL Malinga (SL),1,,,,,,,,,,,,
664,AD Mathews (SL),1,7,7,7.00,0,0,,,,,,,
665,Mohammad Hafeez (PAK),1,5,5,5.00,0,0,,,,,,,
666,Mohammed Shami (IND),1,,,,,,,,,,,,
667,VV Morea (PNG),1,0,0,0.00,0,,,,,,,,
668,EMDY Munaweera (SL),1,53,53,53.00,0,,,,,,,,
669,AR Nurse (WI),1,13,13*,-,,,,,,,,,
670,MK Pandey (IND),1,51,51*,-,,,,,,,,,
671,RR Pant (IND),1,38,38,38.00,0,,,,,,,,
672,WD Parnell (SA),1,,,,,,,,,,,,
673,AR Patel (IND),1,,,,,,,,,,,,
674,NLTC Perera (SL),1,11,11,11.00,0,0,,,,,,,
675,S Prasanna (SL),1,11,11,11.00,0,1,1/25,25.00,0,0,0,-13.99,2017
676,D Pretorius (SA),1,,,,,,,,,,,,
677,SMA Priyanjan (SL),1,40,40*,-,,,,,,,,,
678,KL Rahul (IND),1,24,24,24.00,0,,,,,,,,
679,AU Rashid (ENG),1,1,1,1.00,0,3,3/25,8.33,0,0,0,-7.33,2017
680,JE Root (ENG),1,17,17,17.00,0,0,,,,,,,
681,Rumman Raees (PAK),1,,,,,,,,,,,,
682,MD Shanaka (SL),1,0,0,0.00,0,,,,,,,,
683,RG Sharma (IND),1,9,9,9.00,0,,,,,,,,
684,L Sreekumar (UAE),1,0,0,0.00,0,,,,,,,,
685,WU Tharanga (SL),1,5,5,5.00,0,,,,,,,,
686,I Udana (SL),1,19,19*,-,,,,,,,,,
687,Usman Ghani (AFG),1,8,8,8.00,0,,,,,,,,
688,MA Wood (ENG),1,,,,,,,,,,,,
689,Zahoor Khan (UAE),1,,,,,,,,,,,,
690,Shoaib Malik (ICC/PAK),11,300,53,75.00,0,3,2/13,18.66,0,4,0,56.33,2018
691,Asif Ali (PAK),10,158,41*,39.50,0,,,,,,,,
692,Faheem Ashraf (PAK),10,37,21,18.50,0,7,3/5,28.00,0,4,0,-9.49,2018
693,Fakhar Zaman (PAK),10,417,91,41.70,0,,,,,,,,
694,Hussain Talat (PAK),10,264,63,29.33,0,4,2/12,10.00,0,4,0,19.33,2018
695,Sarfaraz Ahmed (PAK),10,241,89*,40.16,0,,,,,,,,
696,Shadab Khan (PAK),10,53,29,17.66,0,13,2/23,20.69,0,5,0,-3.02,2018
697,GH Dockrell (IRE),8,47,22*,11.75,0,7,2/15,29.28,0,7,0,-17.53,2018
698,Hasan Ali (PAK),8,0,0,0.00,0,8,2/19,24.50,0,3,0,-24.49,2018
699,Mohammad Nawaz (3) (PAK),8,6,6,6.00,0,8,2/11,22.37,0,2,0,-16.37,2018
700,KJ O'Brien (IRE),8,73,28,10.42,0,4,3/40,25.25,0,3,0,-14.82,2018
701,Simi Singh (IRE),8,123,57*,17.57,0,8,3/23,24.87,0,2,0,-7.30,2018
702,PR Stirling (IRE),8,206,81,25.75,0,2,1/10,49.00,0,3,0,-23.24,2018
703,SR Thompson (IRE),8,59,15,9.83,0,2,1/25,76.50,0,8,0,-66.66,2018
704,GC Wilson (IRE),8,204,58,29.14,0,,,,,,,,
705,S Badree (WI),7,10,7,10.00,0,2,2/4,84.50,0,0,0,-74.49,2018
706,ADS Fletcher (WI),7,116,52,16.57,0,,,,,,,,
707,KMA Paul (WI),7,30,17,15.00,0,8,2/24,26.25,0,1,0,-11.24,2018
708,D Ramdin (WI),7,133,44*,33.25,0,,,,,,,,
709,MN Samuels (WI),7,142,43,20.28,0,0,,,,,,,
710,Tamim Iqbal (BAN/ICC),7,145,74,20.71,0,,,,,,,,
711,AC Agar (AUS),6,52,29,17.33,0,2,2/16,71.00,0,3,0,-53.66,2018
712,A Balbirnie (IRE),6,105,74,17.50,0,,,,,,,,
713,RD Berrington (SCOT),6,169,64*,56.33,0,4,1/7,16.50,0,2,0,39.83,2018
714,DE Budge (SCOT),6,60,24,30.00,0,,,,,,,,
715,AT Carey (AUS),6,58,37*,19.33,0,,,,,,,,
716,PKD Chase (IRE),6,7,4,7.00,0,9,4/35,21.55,0,3,0,-14.55,2018
717,KJ Coetzer (SCOT),6,185,54,30.83,0,,,,,,,,
718,MH Cross (SCOT),6,93,50,23.25,0,,,,,,,,
719,AJ Finch (AUS),6,390,172,78.00,1,,,,,,,,
720,TM Head (AUS),6,109,48,27.25,0,,,,,,,,
721,MA Leask (SCOT),6,56,38*,18.66,0,5,3/31,27.60,0,3,0,-8.93,2018
722,Litton Das (BAN),6,129,61,21.50,0,,,,,,,,
723,CS MacLeod (SCOT),6,113,46*,28.25,0,,,,,,,,
724,Mahmudullah (BAN),6,168,45,42.00,0,2,2/1,5.00,0,4,0,37.00,2018
725,GJ Maxwell (AUS),6,81,56,20.25,0,4,2/35,18.75,0,2,0,1.50,2018
726,Mohammad Amir (PAK),6,0,0*,-,,,,,,,,,
727,HG Munsey (SCOT),6,229,71,38.16,0,,,,,,,,
728,Mushfiqur Rahim (BAN),6,119,46,19.83,0,,,,,,,,
729,Nazmul Islam (BAN),6,17,7,17.00,0,5,3/28,23.60,0,1,0,-6.59,2018
730,R Powell (WI),6,91,43,18.20,0,1,1/34,47.00,0,3,0,-28.79,2018
731,Rashid Khan (AFG/ICC),6,16,9,5.33,0,17,4/12,8.76,0,3,0,-3.43,2018
732,JNK Shannon (IRE),6,109,60,18.16,0,0,,,,,,,
733,Shakib Al Hasan (BAN),6,131,60,21.83,0,5,2/19,28.00,0,1,0,-6.16,2018
734,B Stanlake (AUS),6,7,7,7.00,0,8,4/8,20.87,0,0,0,-13.87,2018
735,MP Stoinis (AUS),6,41,16,13.66,0,4,1/9,32.00,0,4,0,-18.33,2018
736,AJ Tye (AUS),6,32,20,16.00,0,12,3/12,15.25,0,3,0,0.75,2018
737,KOK Williams (WI),6,1,1,0.50,0,9,4/28,24.00,0,3,0,-23.49,2018
738,Asghar Afghan (AFG),5,124,37,24.80,0,,,,,,,,
739,YS Chahal (IND),5,,,,,,,,,,,,
740,SA Edwards (NED),5,85,34*,42.50,0,,,,,,,,
741,AC Evans (SCOT),5,0,0,0.00,0,8,3/23,19.62,0,1,0,-19.62,2018
742,FJ Klaassen (NED),5,2,1*,2.00,0,3,1/29,50.33,0,0,0,-48.33,2018
743,V Kohli (IND),5,119,47,29.75,0,,,,,,,,
744,Mohammad Nabi (AFG),5,53,31*,13.25,0,6,2/19,18.66,0,2,0,-5.41,2018
745,Mohammad Shahzad (AFG),5,120,40,24.00,0,,,,,,,,
746,Mujeeb Ur Rahman (AFG),5,0,0*,-,,,,,,,,,
747,Najibullah Zadran (AFG),5,44,20*,14.66,0,,,,,,,,
748,HH Pandya (IND),5,83,33*,-,,,,,,,,,
749,WTS Porterfield (IRE),5,77,33,15.40,0,,,,,,,,
750,SW Poynter (IRE),5,18,7,9.00,0,,,,,,,,
751,SK Raina (IND),5,106,69,35.33,0,,,,,,,,
752,JA Richardson (AUS),5,6,6*,-,,,,,,,,,
753,Rubel Hossain (BAN),5,2,2*,2.00,0,5,1/13,29.20,0,0,0,-27.19,2018
754,Samiullah Shinwari (AFG),5,120,49,30.00,0,,,,,,,,
755,PM Seelaar (NED),5,62,36,31.00,0,5,3/25,24.00,0,2,0,7.00,2018
756,SM Sharif (SCOT),5,13,10,13.00,0,4,2/31,40.75,0,1,0,-27.74,2018
757,RG Sharma (IND),5,234,100*,58.50,1,,,,,,,,
758,DJM Short (AUS),5,181,76,36.20,0,0,,,,,,,
759,Soumya Sarkar (BAN),5,37,15,7.40,0,1,1/18,26.00,0,1,0,-18.59,2018
760,Usman Shinwari (PAK),5,0,0*,-,,,,,,,,,
761,PA van Meekeren (NED),5,12,8,6.00,0,2,1/20,60.00,0,0,0,-53.99,2018
762,TP Visee (NED),5,93,25,18.60,0,,,,,,,,
763,MRJ Watt (SCOT),5,1,1,1.00,0,3,1/18,47.00,0,2,0,-45.99,2018
764,Abu Hider (BAN),4,21,21*,-,,,,,,,,,
765,Ariful Haque (BAN),4,39,18*,39.00,0,1,1/13,13.00,0,2,0,26.00,2018
766,JM Bairstow (ENG),4,67,28,22.33,0,,,,,,,,
767,CR Brathwaite (WI),4,16,11,8.00,0,3,2/32,32.00,0,2,0,-23.99,2018
768,JC Buttler (ENG),4,178,69,44.50,0,,,,,,,,
769,E Chigumbura (ZIM),4,28,14,9.33,0,,,,,,,,
770,BN Cooper (NED),4,46,22,11.50,0,,,,,,,,
771,BFW de Leede (NED),4,48,33,16.00,0,,,,,,,,
772,S Dhawan (IND),4,93,74,23.25,0,,,,,,,,
773,MS Dhoni (IND),4,43,32*,43.00,0,,,,,,,,
774,AD Hales (ENG),4,145,58*,48.33,0,,,,,,,,
775,CJ Jordan (ENG),4,3,3,1.50,0,4,3/42,35.75,0,3,0,-34.24,2018
776,Kuldeep Yadav (IND),4,,,,,,,,,,,,
777,NJ Maddinson (AUS),4,7,5,3.50,0,,,,,,,,
778,H Masakadza (ZIM),4,34,13,8.50,0,,,,,,,,
779,BJ McCarthy (IRE),4,11,11*,-,,,,,,,,,
780,SF Mire (ZIM),4,212,94,53.00,0,1,1/15,82.00,0,1,0,-28.99,2018
781,PJ Moor (ZIM),4,51,30,17.00,0,,,,,,,,
782,EJG Morgan (ENG),4,45,17,11.25,0,,,,,,,,
783,TK Musakanda (ZIM),4,98,43,24.50,0,,,,,,,,
784,B Muzarabani (ZIM),4,1,1*,1.00,0,5,3/21,27.20,0,1,0,-26.19,2018
785,AR Nurse (WI),4,16,16,16.00,0,4,2/6,18.25,0,5,0,-2.24,2018
786,MP O'Dowd (NED),4,95,39,23.75,0,1,1/10,16.00,0,0,0,7.75,2018
787,LE Plunkett (ENG),4,12,9,12.00,0,3,2/34,45.00,0,1,0,-32.99,2018
788,KL Rahul (IND),4,196,101*,65.33,1,,,,,,,,
789,WB Rankin (IRE),4,22,10,11.00,0,2,2/14,54.50,0,1,0,-43.49,2018
790,AU Rashid (ENG),4,4,4*,-,,,,,,,,,
791,JJ Roy (ENG),4,156,67,39.00,0,,,,,,,,
792,AD Russell (WI),4,120,47,60.00,0,4,2/25,30.25,0,1,0,29.75,2018
793,Shafiqullah (AFG),4,30,24,10.00,0,,,,,,,,
794,S Snater (NED),4,8,6,4.00,0,4,2/25,24.75,0,1,0,-20.74,2018
795,Usman Ghani (AFG),4,67,26,22.33,0,,,,,,,,
796,CAK Walton (WI),4,65,40,16.25,0,,,,,,,,
797,DJ Willey (ENG),4,33,29*,33.00,0,4,1/18,29.00,0,0,0,4.00,2018
798,UT Yadav (IND),4,,,,,,,,,,,,
799,Aftab Alam (AFG),3,1,1,1.00,0,3,2/30,21.66,0,3,0,-20.66,2018
800,Babar Azam (PAK),3,165,97*,82.50,0,,,,,,,,
801,W Barresi (NED),3,102,53*,51.00,0,2,1/3,19.00,0,0,0,32.00,2018
802,TS Chisoro (ZIM),3,7,6,3.50,0,2,2/28,42.50,0,0,0,-38.99,2018
803,RR Emrit (WI),3,12,11,6.00,0,3,1/24,38.00,0,0,0,-31.99,2018
804,Hamza Tahir (SCOT),3,,,,,,,,,,,,
805,Karim Janat (AFG),3,0,0,0.00,0,3,1/27,37.00,0,0,0,-36.99,2018
806,B Kumar (IND),3,,,,,,,,,,,,
807,E Lewis (WI),3,61,58,20.33,0,,,,,,,,
808,JN Mohammed (WI),3,28,15,9.33,0,0,,,,,,,
809,Mustafizur Rahman (BAN),3,3,3*,-,,,,,,,,,
810,JE Root (ENG),3,44,35,14.66,0,,,,,,,,
811,Shaheen Shah Afridi (PAK),3,,,,,,,,,,,,
812,Sikander Zulfiqar (NED),3,14,8,4.66,0,0,,,,,,,
813,CB Sole (SCOT),3,4,4*,-,,,,,,,,,
814,SG Whittingham (SCOT),3,,,,,,,,,,,,
815,Abu Jayed (BAN),2,1,1,1.00,0,3,2/27,20.33,0,1,0,-19.33,2018
816,Ahmed Shehzad (PAK),2,38,24,19.00,0,,,,,,,,
817,MM Ali (ENG),2,6,6,6.00,0,1,1/58,95.00,0,1,0,-88.99,2018
818,JT Ball (ENG),2,,,,,,,,,,,,
819,RP Burl (ZIM),2,19,10,9.50,0,0,,,,,,,
820,CJ Chibhabha (ZIM),2,18,18,9.00,0,1,1/29,48.00,0,0,0,-38.99,2018
821,Fareed Ahmad (AFG),2,,,,,,,,,,,,
822,Haris Sohail (PAK),2,16,16,8.00,0,,,,,,,,
823,Hazratullah Zazai (AFG),2,156,82,78.00,0,,,,,,,,
824,KD Karthik (ICC/IND),2,0,0,0.00,0,,,,,,,,
825,S Kaul (IND),2,,,,,,,,,,,,
826,S Lamichhane (ICC/NEP),2,4,4*,-,,,,,,,,,
827,JB Little (IRE),2,1,1*,1.00,0,3,2/20,22.66,0,0,0,-21.66,2018
828,WP Masakadza (ZIM),2,3,3,3.00,0,2,1/30,31.00,0,1,0,-27.99,2018
829,Mehidy Hasan Miraz (BAN),2,11,11,11.00,0,0,,,,,,,
830,Mohammad Hafeez (PAK),2,7,7,3.50,0,2,2/3,1.50,0,0,0,2.00,2018
831,Mosaddek Hossain (BAN),2,14,14,7.00,0,2,2/21,12.00,0,2,0,-4.99,2018
832,CB Mpofu (ZIM),2,3,3,3.00,0,1,1/31,84.00,0,1,0,-80.99,2018
833,J Nyumbu (ZIM),2,7,6*,-,,,,,,,,,
834,MK Pandey (IND),2,21,21*,-,,,,,,,,,
835,NLTC Perera (ICC/SL),2,61,61,30.50,0,0,,,,,,,
836,Sabbir Rahman (BAN),2,13,13,6.50,0,,,,,,,,
837,Saqib Zulfiqar (NED),2,1,1,1.00,0,0,,,,,,,
838,Shapoor Zadran (AFG),2,,,,,,,,,,,,
839,OF Smith (WI),2,6,6,6.00,0,2,1/38,39.00,0,0,0,-32.99,2018
840,T van der Gugten (NED),2,13,13,6.50,0,1,1/47,72.00,0,0,0,-65.49,2018
841,MN Waller (ZIM),2,13,13,13.00,0,0,,,,,,,
842,JD Wildermuth (AUS),2,1,1*,-,,,,,,,,,
843,C Zhuwao (ZIM),2,24,24,12.00,0,,,,,,,,
844,Aarif Sheikh (NEP),1,,,,,,,,,,,,
845,Abul Hasan (BAN),1,5,5,5.00,0,2,2/40,20.00,0,0,0,-14.99,2018
846,DS Airee (NEP),1,,,,,,,,,,,,
847,HM Amla (SA),1,0,0,0.00,0,,,,,,,,
848,SW Billings (ICC),1,4,4,4.00,0,,,,,,,,
849,JJ Bumrah (IND),1,,,,,,,,,,,,
850,DL Chahar (IND),1,,,,,,,,,,,,
851,LD Chandimal (SL),1,36,36*,-,,,,,,,,,
852,CJ Dala (SA),1,12,12*,-,,,,,,,,,
853,A Dananjaya (SL),1,2,2,2.00,0,2,2/15,7.50,0,0,0,-5.49,2018
854,Q de Kock (SA),1,20,20,20.00,0,,,,,,,,
855,DM de Silva (SL),1,31,31,31.00,0,2,2/22,11.00,0,0,0,20.00,2018
856,JP Duminy (SA),1,3,3,3.00,0,1,1/2,2.00,0,0,0,1.00,2018
857,CH Gayle (WI),1,18,18,18.00,0,,,,,,,,
858,RR Hendricks (SA),1,19,19,19.00,0,,,,,,,,
859,KM Jarvis (ZIM),1,,,,,,,,,,,,
860,TE Kane (IRE),1,8,8,8.00,0,2,2/50,25.00,0,0,0,-16.99,2018
861,Karan KC (NEP),1,,,,,,,,,,,,
862,P Khadka (NEP),1,,,,,,,,,,,,
863,H Klaasen (SA),1,18,18,18.00,0,,,,,,,,
864,AM McCarthy (WI),1,5,5,5.00,0,0,,,,,,,
865,MJ McClenaghan (ICC),1,10,10,10.00,0,0,,,,,,,
866,G Malla (NEP),1,,,,,,,,,,,,
867,AD Mathews (SL),1,0,0,0.00,0,,,,,,,,
868,B Mavuta (ZIM),1,6,6*,-,,,,,,,,,
869,BKG Mendis (SL),1,1,1,1.00,0,,,,,,,,
870,DA Miller (SA),1,14,14,14.00,0,,,,,,,,
871,TS Mills (ICC),1,,,,,,,,,,,,
872,L Ngidi (SA),1,4,4,4.00,0,0,,,,,,,
873,HC Overdijk (NED),1,,,,,,,,,,,,
874,MDKJ Perera (SL),1,3,3,3.00,0,,,,,,,,
875,V Permaul (WI),1,,,,,,,,,,,,
876,AL Phehlukwayo (SA),1,0,0,0.00,0,,,,,,,,
877,K Rabada (SA),1,0,0,0.00,0,2,2/24,12.00,0,0,0,-11.99,2018
878,LN Rajbanshi (NEP),1,,,,,,,,,,,,
879,CAK Rajitha (SL),1,,,,,,,,,,,,
880,B Regmi (NEP),1,,,,,,,,,,,,
881,KW Richardson (AUS),1,0,0,0.00,0,0,,,,,,,
882,MJG Rippon (NED),1,38,38*,-,,,,,,,,,
883,L Ronchi (ICC),1,0,0,0.00,0,,,,,,,,
884,AK Sah (NEP),1,,,,,,,,,,,,
885,Sahibzada Farhan (PAK),1,0,0,0.00,0,,,,,,,,
886,PADLR Sandakan (SL),1,,,,,,,,,,,,
887,Shahid Afridi (ICC),1,11,11,11.00,0,1,1/34,34.00,0,0,0,-22.99,2018
888,T Shamsi (SA),1,0,0,0.00,0,2,2/26,13.00,0,1,0,-12.99,2018
889,MD Shanaka (SL),1,16,16,16.00,0,,,,,,,,
890,Ahmed Faiz (MAS),10,202,45,22.44,0,,,,,,,,
891,Fitri Sham (MAS),10,22,12,5.50,0,9,3/26,18.77,0,2,0,-13.27,2019
892,Izatullah Dawlatzai (GER),10,26,24*,26.00,0,12,3/23,17.58,0,2,0,8.41,2019
893,Muhamad Syahadat (MAS),10,122,41*,20.33,0,11,3/7,11.54,0,1,0,8.78,2019
894,S Muniandy (MAS),10,60,16*,12.00,0,3,2/5,42.33,0,3,0,-30.33,2019
895,Aminuddin Ramly (MAS),10,97,33,13.85,0,,,,,,,,
896,Shafiq Sharif (MAS),10,225,53,22.50,0,,,,,,,,
897,Syed Aziz (MAS),10,275,57*,34.37,0,4,2/33,46.75,0,0,0,-12.37,2019
898,Ahmed Wardak (GER),9,27,20*,13.50,0,14,4/20,12.14,0,0,0,1.35,2019
899,Amir Mangal (GER),9,124,40,20.66,0,1,1/17,57.00,0,3,0,-36.33,2019
900,Anwar Rahman (MAS),9,5,3*,1.66,0,11,4/16,10.63,0,2,0,-8.96,2019
901,Asad Mohammad (GER),9,12,5,4.00,0,1,1/18,158.00,0,4,0,-153.99,2019
902,LJ Barker (GUE),9,63,20,7.87,0,,,,,,,,
903,TS Bharaj (DEN),9,52,19,6.50,0,,,,,,,,
904,J Butler (GUE),9,201,65*,28.71,0,0,,,,,,,
905,BN Cooper (NED),9,258,91*,32.25,0,,,,,,,,
906,Delawar Khan (DEN),9,47,17,6.71,0,7,2/21,18.42,0,3,0,-11.71,2019
907,SA Edwards (NED),9,138,37,17.25,0,,,,,,,,
908,LB Ferbrache (GUE),9,138,55,17.25,0,,,,,,,,
909,OD Hald (DEN),9,61,18,8.71,0,9,3/18,12.55,0,4,0,-3.84,2019
910,DR Hooper (GUE),9,76,19*,15.20,0,9,3/5,23.44,0,4,0,-8.24,2019
911,ND Laegsgaard (DEN),9,105,39,15.00,0,9,2/5,11.66,0,6,0,3.33,2019
912,LC Le Tissier (GUE),9,30,9,6.00,0,12,3/17,17.25,0,2,0,-11.24,2019
913,MP O'Dowd (NED),9,319,69,35.44,0,0,,,,,,,
914,PM Seelaar (NED),9,214,96*,42.80,0,9,3/28,26.11,0,4,0,16.68,2019
915,HAM Shah (DEN),9,172,40,21.50,0,5,4/23,17.20,0,6,0,4.30,2019
916,MWR Stokes (GUE),9,127,29,18.14,0,,,,,,,,
917,Abdul Hashmi (DEN),8,70,31,17.50,0,,,,,,,,
918,Anwar Arudin (MAS),8,67,32,8.37,0,,,,,,,,
919,Baljit Singh (ITA),8,4,3,1.33,0,12,4/20,10.58,0,1,0,-9.24,2019
920,C Bisson (JER),8,152,54,21.71,0,,,,,,,,
921,DG Blampied (JER),8,150,43*,30.00,0,13,4/20,12.15,0,6,0,17.84,2019
922,RP Burl (ZIM),8,123,57*,24.60,0,4,1/13,33.75,0,8,0,-9.14,2019
923,JSE Dunford (JER),8,8,8,4.00,0,,,,,,,,
924,AW Hawkins-Kay (JER),8,80,27*,20.00,0,11,4/14,12.90,0,4,0,7.09,2019
925,KM Jarvis (ZIM),8,45,27,22.50,0,11,3/32,24.90,0,4,0,-2.40,2019
926,JW Jenner (JER),8,174,71,24.85,0,,,,,,,,
927,NA Maiolo (ITA),8,106,39*,17.66,0,7,2/8,21.71,0,2,0,-4.04,2019
928,Manpreet Singh (ITA),8,83,36,13.83,0,,,,,,,,
929,H Masakadza (ZIM),8,146,71,18.25,0,,,,,,,,
930,GP Meade (ITA),8,57,18,11.40,0,,,,,,,,
931,EJB Miles (JER),8,7,7,7.00,0,11,3/10,11.18,0,3,0,-4.18,2019
932,GRD Munasinghe (ITA),8,5,4*,1.66,0,9,4/11,21.22,0,4,0,-19.55,2019
933,WA Peatfield (GUE),8,8,7*,8.00,0,9,3/23,22.00,0,0,0,-13.99,2019
934,CW Perchard (JER),8,17,12,17.00,0,13,5/17,8.61,1,3,0,8.38,2019
935,BBJL Perera (ITA),8,208,67,34.66,0,,,,,,,,
936,Rakibul Hasan (ITA),8,14,5*,4.66,0,8,2/20,18.37,0,0,0,-13.70,2019
937,MJ Ross (ITA),8,56,34,14.00,0,7,4/15,17.14,0,3,0,-3.14,2019
938,BDH Stevens (JER),8,153,44,21.85,0,4,3/17,20.00,0,13,0,1.85,2019
939,BRM Taylor (ZIM),8,158,40,19.75,0,,,,,,,,
940,SC Williams (ZIM),8,128,58*,21.33,0,7,2/16,29.85,0,4,0,-8.52,2019
941,AS Wright (GUE),8,72,43,10.28,0,,,,,,,,
942,Abdul-Shakoor Rahimzei (GER),7,41,17,10.25,0,7,2/10,14.42,0,4,0,-4.17,2019
943,VB Chikkannaiah (GER),7,148,70*,24.66,0,,,,,,,,
944,N Davin (NAM),7,196,54,32.66,0,,,,,,,,
945,MG Erasmus (NAM),7,139,56,34.75,0,8,3/12,9.87,0,6,0,24.87,2019
946,Faisal Javed (QAT),7,123,35,17.57,0,,,,,,,,
947,NJ Ferraby (JER),7,160,81*,26.66,0,,,,,,,,
948,JN Frylinck (NAM),7,30,19*,30.00,0,6,2/21,14.00,0,4,0,16.00,2019
949,BD Glover (NED),7,2,1*,-,,,,,,,,,
950,ZE Green (NAM),7,33,18*,16.50,0,,,,,,,,
951,Iqbal Hussain (QAT),7,9,4*,4.50,0,15,4/33,13.66,0,3,0,-9.16,2019
952,J Jojo (DEN),7,36,13,18.00,0,2,2/25,49.00,0,1,0,-30.99,2019
953,Mohammed Rizlan (QAT),7,153,38*,38.25,0,,,,,,,,
954,Mohammed Nadeem (QAT),7,0,0*,-,,,,,,,,,
955,M Mooketsi (BOT),7,8,3,1.60,0,6,2/31,32.83,0,1,0,-31.23,2019
956,K Motlhanka (BOT),7,115,59,16.42,0,,,,,,,,
957,Mudassar Muhammad (GER),7,112,30,16.00,0,,,,,,,,
958,Muhammad Tanveer (QAT),7,166,50,23.71,0,0,,,,,,,
959,Muslim Yar (GER),7,2,2,2.00,0,7,2/17,17.00,0,1,0,-14.99,2019
960,R Nehonde (BOT),7,61,26,10.16,0,0,,,,,,,
961,OE Newey (GUE),7,55,23*,11.00,0,,,,,,,,
962,Rehman Abdul (ITA),7,102,37*,51.00,0,,,,,,,,
963,Sahir Naqash (GER),7,71,38*,17.75,0,4,2/3,13.00,0,1,0,4.75,2019
964,H Singh (GER),7,117,44*,39.00,0,,,,,,,,
965,ACF Stokes (GUE),7,31,16,6.20,0,5,2/26,30.40,0,1,0,-24.19,2019
966,Tamoor Sajjad (QAT),7,183,46*,36.60,0,3,2/14,59.00,0,9,0,-22.39,2019
967,Virandeep Singh (MAS),7,184,57,26.28,0,3,2/15,30.66,0,2,0,-4.38,2019
968,Aaron Jones (USA),6,79,39,19.75,0,2,1/6,14.00,0,0,0,5.75,2019
969,Adnan Idrees (KUW),6,259,80,43.16,0,1,1/34,67.00,0,4,0,-23.83,2019
970,Anique Uddin (DEN),6,64,31,10.66,0,2,2/12,7.00,0,2,0,3.66,2019
971,MNM Aslam (KUW),6,55,26,13.75,0,3,1/13,28.33,0,2,0,-14.58,2019
972,Awais Malik (QAT),6,1,1,0.25,0,4,2/28,41.75,0,0,0,-41.49,2019
973,SJ Baard (NAM),6,235,92,58.75,0,,,,,,,,
974,OGL Bascome (BER),6,83,22,16.60,0,8,4/10,11.12,0,2,0,5.47,2019
975,B Bhandari (NEP),6,76,51*,38.00,0,,,,,,,,
976,DAP Darrell (BER),6,49,30*,12.25,0,0,,,,,,,
977,NS Dhaliwal (CAN),6,190,54,63.33,0,1,1/11,16.00,0,4,0,47.33,2019
978,AC Douglas (BER),6,96,47*,24.00,0,5,5/18,6.00,1,5,0,18.00,2019
979,GDR Eranga (CAN),6,,,,,,,,,,,,
980,CR Ervine (ZIM),6,232,68*,46.40,0,,,,,,,,
981,TS Fray (BER),6,19,10,3.80,0,,,,,,,,
982,Z Groenewald (NAM),6,1,1*,-,,,,,,,,,
983,Hamza Tariq (CAN),6,20,11*,10.00,0,,,,,,,,
984,AF Ifill (CAY),6,37,9,7.40,0,4,1/7,37.75,0,1,0,-30.34,2019
985,Ilyas Ahmed (KUW),6,2,1*,2.00,0,9,3/17,17.77,0,1,0,-15.77,2019
986,Inam-ul-Haq (QAT),6,106,41,17.66,0,4,1/13,33.25,0,2,0,-15.58,2019
987,Kamran Khan (QAT),6,88,27,14.66,0,0,,,,,,,
988,Karan KC (NEP),6,20,16,6.66,0,10,3/27,15.20,0,3,0,-8.53,2019
989,NR Kumar (CAN),6,92,41,30.66,0,6,2/18,14.83,0,1,0,15.83,2019
990,S Lamichhane (NEP),6,9,9,4.50,0,11,3/21,15.27,0,2,0,-10.77,2019
991,KS Leverock (BER),6,106,33,21.20,0,1,1/26,42.00,0,2,0,-20.79,2019
992,NCK Liyanage (MAS),6,8,8,4.00,0,3,1/19,33.33,0,1,0,-29.33,2019
993,T Lungameni (NAM),6,2,2*,-,,,,,,,,,
994,D Maisuria (BOT),6,6,6*,6.00,0,11,4/28,11.00,0,1,0,-4.99,2019
995,G Malla (NEP),6,146,51,24.33,0,,,,,,,,
996,P Manning (CAY),6,56,28,11.20,0,2,2/3,26.50,0,1,0,-15.29,2019
997,Mohammad Ahsan (KUW),6,19,8,6.33,0,4,2/31,48.00,0,0,0,-41.66,2019
998,A Morris (CAY),6,5,3*,2.50,0,6,2/17,19.00,0,0,0,-16.49,2019
999,CB Mpofu (ZIM),6,17,17*,17.00,0,11,4/30,17.72,0,0,0,-0.72,2019
1000,Muhammad Kashif (KUW),6,173,51,57.66,0,8,3/30,15.87,0,2,0,41.79,2019
1001,SN Netravalkar (USA),6,19,12,19.00,0,2,1/20,61.00,0,3,0,-41.99,2019
1002,Nouman Sarwar (QAT),6,118,47*,39.33,0,10,3/17,12.90,0,5,0,26.43,2019
1003,MD Patel (USA),6,68,26,13.60,0,,,,,,,,
1004,T Perera (BOT),6,101,30,16.83,0,0,,,,,,,
1005,R Pillai (GER),6,28,14,7.00,0,,,,,,,,
1006,Ravinderpal Singh (CAN),6,189,101,63.00,1,,,,,,,,
1007,Rizwan Cheema (CAN),6,126,72,25.20,0,,,,,,,,
1008,Saad Bin Zafar (CAN),6,31,20,15.50,0,8,3/8,17.62,0,2,0,-2.12,2019
1009,R Sandaruwan (KUW),6,181,88,30.16,0,,,,,,,,
1010,YSD Seneveratne (CAY),6,48,19,8.00,0,0,,,,,,,
1011,Shiraz Khan (KUW),6,32,16*,8.00,0,3,2/35,46.66,0,3,0,-38.66,2019
1012,Sompal Kami (NEP),6,23,11,11.50,0,6,3/23,19.16,0,3,0,-7.66,2019
1013,GM Strydom (CAY),6,97,49,16.16,0,,,,,,,,
1014,SR Taylor (USA),6,144,56*,28.80,0,3,2/10,23.33,0,4,0,5.46,2019
1015,T Taylor (CAY),6,71,19*,17.75,0,2,1/17,37.00,0,1,0,-19.24,2019
1016,RJ Trott (BER),6,11,6,11.00,0,3,2/15,35.66,0,0,0,-24.66,2019
1017,Usman Waheed (KUW),6,64,28*,21.33,0,,,,,,,,
1018,S Vesawkar (NEP),6,111,40,37.00,0,0,,,,,,,
1019,HR Walsh (USA),6,99,28,19.80,0,4,1/8,24.75,0,2,0,-4.94,2019
1020,D Weston (GER),6,47,18,7.83,0,,,,,,,,
1021,C Wright (CAY),6,26,16*,8.66,0,2,2/34,26.50,0,2,0,-17.83,2019
1022,Zishan Shah (DEN),6,88,50,22.00,0,,,,,,,,
1023,Abdullah Akbarjan (Aut),5,29,29,29.00,0,6,3/20,12.00,0,2,0,17.00,2019
1024,MR Adair (IRE),5,51,38,17.00,0,7,4/40,21.57,0,1,0,-4.57,2019
1025,SA Ahmad (DEN),5,46,25,23.00,0,4,3/9,10.00,0,1,0,13.00,2019
1026,TP Allen (USA),5,27,11*,13.50,0,1,1/11,28.00,0,3,0,-14.49,2019
1027,CJA Amini (PNG),5,108,51,36.00,0,4,1/11,26.25,0,0,0,9.75,2019
1028,Amjad Sher (FIN),5,56,24,11.20,0,5,2/22,17.60,0,2,0,-6.39,2019
1029,Aqib Iqbal (Aut),5,6,6,6.00,0,0,,,,,,,
1030,Arshad Hayat (CZK-R),5,2,2,1.00,0,4,2/15,19.50,0,0,0,-18.49,2019
1031,Atif Mehmood (ESP),5,0,0*,-,,,,,,,,,
1032,Awais Ahmed (ESP),5,118,102*,59.00,1,,,,,,,,
1033,O Bascome (BER),5,93,35,18.60,0,,,,,,,,
1034,S Bau (PNG),5,46,26,15.33,0,0,,,,,,,
1035,P Bhart (NOR),5,3,2*,3.00,0,3,2/29,22.66,0,0,0,-19.66,2019
1036,Meet Bhavsar (KUW),5,65,35,16.25,0,0,,,,,,,
1037,Bilal Zalmai (Aut),5,208,111*,69.33,1,9,4/12,7.33,0,3,0,62.00,2019
1038,A Bohara (NEP),5,0,0,0.00,0,6,4/35,22.33,0,3,0,-22.33,2019
1039,TL Chatara (ZIM),5,0,0,0.00,0,7,2/32,22.85,0,1,0,-22.85,2019
1040,JW Chilia (VAN),5,48,23,16.00,0,3,1/24,46.66,0,0,0,-30.66,2019
1041,NG Collins (FIN),5,151,56,30.20,0,,,,,,,,
1042,H Dandapani (FIN),5,8,5,8.00,0,5,2/6,18.00,0,1,0,-9.99,2019
1043,GJ Delany (IRE),5,101,52,25.25,0,2,2/31,55.50,0,2,0,-30.24,2019
1044,K Doriga (PNG),5,9,4,3.00,0,,,,,,,,
1045,N Dutta (CAN),5,2,2*,-,,,,,,,,,
1046,KR Ebanks (CAY),5,15,8,3.75,0,1,1/25,104.00,0,0,0,-100.24,2019
1047,Faran Afzal (ESP),5,20,13,5.00,0,6,3/11,16.16,0,1,0,-11.16,2019
1048,H Gori (CZK-R),5,179,66,35.80,0,5,3/13,17.80,0,1,0,18.00,2019
1049,C Hauptfleisch (CAY),5,69,42,13.80,0,,,,,,,,
1050,D Heyliger (CAN),5,34,23*,-,,,,,,,,,
1051,Hilal Ahmad (CZK-R),5,15,8,3.75,0,,,,,,,,
1052,Jaspreet Singh (ITA),5,19,11,9.50,0,1,1/26,53.00,0,1,0,-43.49,2019
1053,MO Jones (BER),5,56,27,18.66,0,3,2/26,24.00,0,1,0,-5.33,2019
1054,K Joshi (Aut),5,41,32*,20.50,0,,,,,,,,
1055,Junaid Sheikh (NOR),5,19,9,6.33,0,2,1/21,52.00,0,5,0,-45.66,2019
1056,P Khadka (NEP),5,217,86*,54.25,0,1,1/23,27.00,0,3,0,27.25,2019
1057,Khizer Ahmed (NOR),5,32,18,16.00,0,,,,,,,,
1058,FJ Klaassen (NED),5,13,13,6.50,0,3,3/36,57.33,0,1,0,-50.83,2019
1059,EB Knowles (CZK-R),5,36,16*,12.00,0,,,,,,,,
1060,Kuldeep Lal (ESP),5,61,38,30.50,0,2,2/33,41.50,0,4,0,-10.99,2019
1061,A Lark (Aut),5,110,43,27.50,0,4,3/20,13.75,0,3,0,13.75,2019
1062,A Mansale (VAN),5,67,27,13.40,0,7,3/13,12.28,0,0,0,1.11,2019
1063,XM Marshall (USA),5,55,22,11.00,0,,,,,,,,
1064,PK Matautaava (VAN),5,68,32,13.60,0,7,2/9,15.57,0,2,0,-1.97,2019
1065,Md Nurul Huda (FIN),5,50,30*,25.00,0,9,3/11,13.11,0,4,0,11.88,2019
1066,K Mendon (CZK-R),5,57,40*,-,,,,,,,,,
1067,CAJ Meschede (GER),5,179,67,44.75,0,6,2/11,19.16,0,1,0,25.58,2019
1068,AK Mohan (FIN),5,82,41,16.40,0,,,,,,,,
1069,C Munoz-Mills (ESP),5,65,29*,32.50,0,,,,,,,,
1070,A Nathwani (Aut),5,1,1*,-,,,,,,,,,
1071,Naveed Ahmed (CZK-R),5,0,0,0.00,0,1,1/15,27.00,0,3,0,-26.99,2019
1072,N Nipiko (VAN),5,67,33,13.40,0,10,5/19,13.70,1,1,0,-0.29,2019
1073,SH Obed (VAN),5,16,9,5.33,0,4,2/8,13.00,0,1,0,-7.66,2019
1074,KJ O'Brien (IRE),5,151,63,30.20,0,,,,,,,,
1075,VS Padhaal (FIN),5,31,14,6.20,0,,,,,,,,
1076,R Panchal (ESP),5,143,71*,47.66,0,6,3/22,15.50,0,3,0,32.16,2019
1077,TK Patel (USA),5,17,14*,-,,,,,,,,,
1078,RK Paudel (NEP),5,35,19,11.66,0,,,,,,,,
1079,Pavandeep Singh (MAS),5,2,1*,2.00,0,3,2/19,37.66,0,3,0,-35.66,2019
1080,N Pokana (PNG),5,2,2,2.00,0,5,2/6,11.40,0,1,0,-9.39,2019
1081,S Pokhriyal (CZK-R),5,170,79,34.00,0,1,1/23,23.00,0,1,0,11.00,2019
1082,A Pusthay (FIN),5,72,37,14.40,0,2,2/26,45.00,0,2,0,-30.59,2019
1083,J Rasu (VAN),5,131,49,26.20,0,5,5/36,7.20,1,0,0,19.00,2019
1084,D Ravu (PNG),5,7,6,3.50,0,10,5/15,8.40,1,2,0,-4.89,2019
1085,DMW Rawlins (BER),5,130,63,26.00,0,4,2/22,24.00,0,7,0,2.00,2019
1086,Raza Iqbal (NOR),5,87,39,17.40,0,5,2/20,17.00,0,1,0,0.40,2019
1087,Razmal Shigiwal (Aut),5,100,53,33.33,0,,,,,,,,
1088,B Regmi (NEP),5,2,1*,2.00,0,7,3/20,17.85,0,2,0,-15.85,2019
1089,Rizwan Mahmood (DEN),5,76,37,19.00,0,,,,,,,,
1090,MM Ali (ENG),6,108,61,21.60,0,1,1/10,42.00,0,0,0,-20.39,2020
1091,JM Bairstow (ENG),6,118,55,19.66,0,,,,,,,,
1092,T Banton (ENG),6,149,71,24.83,0,,,,,,,,
1093,TK Curran (ENG),6,16,8*,16.00,0,3,1/23,53.00,0,2,0,-36.99,2020
1094,CJ Jordan (ENG),6,21,14*,10.50,0,5,2/29,30.40,0,2,0,-19.89,2020
1095,DJ Malan (ENG),6,213,66,42.60,0,,,,,,,,
1096,AU Rashid (ENG),6,4,3*,-,,,,,,,,,
1097,EJG Morgan (ENG),5,102,66,20.40,0,,,,,,,,
1098,Ashiqullah Said (Belg),4,7,4*,7.00,0,7,3/15,9.00,0,0,0,-1.99,2020
1099,A Ashokan (CZK-R),4,51,23,12.75,0,2,1/12,48.50,0,2,0,-35.74,2020
1100,J Barker (LUX),4,73,39,18.25,0,,,,,,,,
1101,SW Billings (ENG),4,43,26,14.33,0,,,,,,,,
1102,S Browne (LUX),4,41,21,10.25,0,,,,,,,,
1103,M Cope (LUX),4,10,6*,10.00,0,7,3/16,16.28,0,1,0,-6.28,2020
1104,WJ Cope (LUX),4,13,11,13.00,0,6,4/18,11.66,0,2,0,1.33,2020
1105,S Davizi (CZK-R),4,45,27,11.25,0,1,1/20,20.00,0,2,0,-8.74,2020
1106,K Gilham (CZK-R),4,3,2*,-,,,,,,,,,
1107,H Gori (CZK-R),4,106,38,26.50,0,3,2/22,28.33,0,1,0,-1.83,2020
1108,Khalid Ahmadi (Belg),4,39,25*,39.00,0,6,3/14,13.16,0,0,0,25.83,2020
1109,EB Knowles (CZK-R),4,32,17,10.66,0,,,,,,,,
1110,S Kushretha (LUX),4,37,28,12.33,0,1,1/27,102.00,0,2,0,-89.66,2020
1111,Mamoon Latif (Belg),4,41,25,10.25,0,1,1/14,14.00,0,3,0,-3.74,2020
1112,J Mees (LUX),4,124,67*,41.33,0,,,,,,,,
1113,NSK Mehta (Belg),4,,,,,,,,,,,,
1114,K Mendon (CZK-R),4,26,14,13.00,0,5,3/21,22.80,0,1,0,-9.79,2020
1115,Muhammad Muneeb (Belg),4,12,6,3.00,0,0,,,,,,,
1116,Murid Ekrami (Belg),4,4,3,4.00,0,2,1/8,33.00,0,3,0,-28.99,2020
1117,S Pokhriyal (CZK-R),4,30,15*,10.00,0,,,,,,,,
1118,Saber Zakhil (Belg),4,111,44,37.00,0,5,3/20,19.00,0,5,0,18.00,2020
1119,Sazzad Hosen (Belg),4,73,34,18.25,0,0,,,,,,,
1120,Shaheryar Butt (Belg),4,236,125*,118.00,1,,,,,,,,
1121,V Vijh (LUX),4,78,43,19.50,0,6,2/24,18.83,0,0,0,0.66,2020
1122,Wahidullah Usmani (Belg),4,122,72,30.50,0,,,,,,,,
1123,T Whiteman (LUX),4,84,36,42.00,0,,,,,,,,
1124,S Wickramasekara (CZK-R),4,75,60,18.75,0,3,2/24,41.66,0,0,0,-22.91,2020
1125,AC Agar (AUS),3,43,23,21.50,0,5,2/27,18.80,0,2,0,2.70,2020
1126,NN Akhter (MLT),3,,,,,,,,,,,,
1127,Amar Sharma (MLT),3,20,20,20.00,0,4,3/23,15.50,0,1,0,4.50,2020
1128,SE Aquilina (MLT),3,4,4,4.00,0,,,,,,,,
1129,JC Archer (ENG),3,,,,,,,,,,,,
1130,Babar Azam (PAK),3,77,56,38.50,0,,,,,,,,
1131,Bakhtiar Tahiri (BUL),3,30,29,15.00,0,2,2/38,28.50,0,0,0,-13.49,2020
1132,G Chaturvedi (MLT),3,52,32,26.00,0,,,,,,,,
1133,KC D'Souza (BUL),3,37,22*,37.00,0,,,,,,,,
1134,K Dasan (BUL),3,78,47,39.00,0,,,,,,,,
1135,IA De Silva (BUL),3,58,42,29.00,0,,,,,,,,
1136,Fakhar Zaman (PAK),3,37,36,18.50,0,,,,,,,,
1137,AJ Finch (AUS),3,125,46,41.66,0,,,,,,,,
1138,S Gajjar (CZK-R),3,16,14,8.00,0,,,,,,,,
1139,HS Gericke (MLT),3,114,91,57.00,0,,,,,,,,
1140,L Gregory (ENG),3,14,12,7.00,0,0,,,,,,,
1141,Haris Rauf (PAK),3,,,,,,,,,,,,
1142,Haroon Mughal (MLT),3,33,33,33.00,0,,,,,,,,
1143,Hilal Ahmad (CZK-R),3,13,7,4.33,0,,,,,,,,
1144,Imad Wasim (PAK),3,6,6*,-,,,,,,,,,
1145,H Ivanov (BUL),3,7,7,7.00,0,,,,,,,,
1146,S Jamil (Belg),3,5,5,1.66,0,,,,,,,,
1147,ST Kanakalil (MLT),3,13,13*,-,,,,,,,,,
1148,H Lakov (BUL),3,20,16,10.00,0,1,1/30,79.00,0,0,0,-68.99,2020
1149,S Mahmood (ENG),3,,,,,,,,,,,,
1150,P Malav (LUX),3,0,0,0.00,0,4,2/10,15.75,0,1,0,-15.74,2020
1151,GJ Maxwell (AUS),3,33,26,11.00,0,2,2/14,15.00,0,1,0,-3.99,2020
1152,P Mishra (BUL),3,8,7,4.00,0,2,2/28,34.50,0,2,0,-30.49,2020
1153,Mohammad Hafeez (PAK),3,155,86*,155.00,0,,,,,,,,
1154,Naveed Ahmed (CZK-R),3,2,2*,-,,,,,,,,,
1155,RB Patel (BUL),3,,,,,,,,,,,,
1156,Ravinder Singh (MLT),3,34,34,34.00,0,,,,,,,,
1157,S Rengarajan (CZK-R),3,8,6*,-,,,,,,,,,
1158,KW Richardson (AUS),3,,,,,,,,,,,,
1159,Shadab Khan (PAK),3,15,15,15.00,0,5,3/34,23.00,0,0,0,-7.99,2020
1160,Shaheen Shah Afridi (PAK),3,,,,,,,,,,,,
1161,Shoaib Malik (PAK),3,14,14,14.00,0,,,,,,,,
1162,SPD Smith (AUS),3,31,18,10.33,0,,,,,,,,
1163,SSM Stanislaus (MLT),3,42,26,42.00,0,,,,,,,,
1164,MA Starc (AUS),3,2,2*,-,,,,,,,,,
1165,MP Stoinis (AUS),3,84,35,42.00,0,,,,,,,,
1166,DV Varghese (BUL),3,3,3*,-,,,,,,,,,
1167,Waseem Abbas (MLT),3,20,20*,-,,,,,,,,,
1168,MA Wood (ENG),3,,,,,,,,,,,,
1169,A Zampa (AUS),3,,,,,,,,,,,,
1170,JC Buttler (ENG),2,121,77*,121.00,0,,,,,,,,
1171,AT Carey (AUS),2,3,2,1.50,0,,,,,,,,
1172,PJ Cummins (AUS),2,13,13*,-,,,,,,,,,
1173,M Dixit (LUX),2,2,2,2.00,0,1,1/15,26.00,0,1,0,-23.99,2020
1174,R Heyns (LUX),2,20,20,20.00,0,,,,,,,,
1175,Iftikhar Ahmed (PAK),2,8,8*,-,,,,,,,,,
1176,B Ivanov (BUL),2,21,21*,-,,,,,,,,,
1177,A Manepalli (LUX),2,14,8,7.00,0,,,,,,,,
1178,Mohammad Amir (PAK),2,,,,,,,,,,,,
1179,Mohammad Rizwan (PAK),2,,,,,,,,,,,,
1180,A Nanda (LUX),2,2,2,2.00,0,3,3/21,14.33,0,0,0,-12.33,2020
1181,Sulaiman Ali (BUL),2,28,16,14.00,0,2,2/27,28.00,0,1,0,-13.99,2020
1182,VP Thamotharam (MLT),2,29,24*,29.00,0,1,1/37,77.00,0,1,0,-47.99,2020
1183,DA Warner (AUS),2,58,58,29.00,0,,,,,,,,
1184,A Ahmadhel (BUL),1,8,8*,-,,,,,,,,,
1185,MJ Ansell (IOM),1,6,6,6.00,0,0,,,,,,,
1186,LJ Barker (GUE),1,,,,,,,,,,,,
1187,LT Bichard (GUE),1,,,,,,,,,,,,
1188,M Breban (GUE),1,,,,,,,,,,,,
1189,G Burrows (IOM),1,13,13,13.00,0,,,,,,,,
1190,JA Burrows (IOM),1,3,3,3.00,0,0,,,,,,,
1191,J Butler (GUE),1,37,37*,-,,,,,,,,,
1192,J Butler (IOM),1,,,,,,,,,,,,
1193,IDA Damarell (GUE),1,52,52,52.00,0,,,,,,,,
1194,JL Denly (ENG),1,29,29*,-,,,,,,,,,
1195,Fayaz Mohammad (BUL),1,5,5*,-,,,,,,,,,
1196,LB Ferbrache (GUE),1,0,0*,-,,,,,,,,,
1197,Haider Ali (PAK),1,54,54,54.00,0,,,,,,,,
1198,C Hartmann (IOM),1,6,6,6.00,0,,,,,,,,
1199,JR Hazlewood (AUS),1,,,,,,,,,,,,
1200,N Knights (IOM),1,9,9,9.00,0,,,,,,,,
1201,CJ Langford (IOM),1,8,8,8.00,0,1,1/17,17.00,0,0,0,-8.99,2020
1202,LC Le Tissier (GUE),1,8,8,8.00,0,2,2/17,8.50,0,0,0,-0.49,2020
1203,C Liebenberg (IOM),1,1,1,1.00,0,0,,,,,,,
1204,MR Marsh (AUS),1,39,39*,-,,,,,,,,,
1205,JC Martin (GUE),1,,,,,,,,,,,,
1206,A McAuley (IOM),1,43,43,43.00,0,,,,,,,,
1207,S Mills (IOM),1,1,1*,-,,,,,,,,,
1208,TW Nightingale (GUE),1,,,,,,,,,,,,
1209,WA Peatfield (GUE),1,,,,,,,,,,,,
1210,Sarfaraz Ahmed (PAK),1,,,,,,,,,,,,
1211,Sherul Mehta (Belg),1,14,14,14.00,0,,,,,,,,
1212,ACF Stokes (GUE),1,,,,,,,,,,,,
1213,S Vats (LUX),1,,,,,,,,,,,,
1214,MS Wade (AUS),1,14,14,14.00,0,,,,,,,,
1215,Wahab Riaz (PAK),1,,,,,,,,,,,,
1216,OJ Webster (IOM),1,5,5,5.00,0,,,,,,,,
1217,Zeeshan Khan (MLT),1,,,,,,,,,,,,
1218,Babar Azam (PAK),14,474,122,43.09,1,,,,,,,,
1219,RW Chakabva (ZIM),14,251,48,17.92,0,,,,,,,,
1220,LM Jongwe (ZIM),14,98,30*,16.33,0,26,4/18,15.38,0,1,0,0.94,2021
1221,W Madhevere (ZIM),14,332,73,23.71,0,2,2/11,65.00,0,5,0,-41.28,2021
1222,WP Masakadza (ZIM),14,34,19*,8.50,0,12,3/20,23.91,0,6,0,-15.41,2021
1223,Mohammad Hafeez (PAK),14,106,32,11.77,0,6,3/28,17.16,0,3,0,-5.38,2021
1224,Mohammad Rizwan (PAK),14,555,91*,92.50,0,,,,,,,,
1225,N Pooran (WI),14,242,62*,30.25,0,,,,,,,,
1226,T Shamsi (SA),14,0,0*,0.00,0,22,4/27,13.59,0,1,0,-13.59,2021
1227,Afif Hossain (BAN),13,205,49*,25.62,0,1,1/18,18.00,0,3,0,7.62,2021
1228,Amar Sharma (MLT),13,61,16,8.71,0,7,2/23,51.28,0,4,0,-42.57,2021
1229,Bilal Muhammad (MLT),13,102,30*,20.40,0,19,4/10,14.68,0,0,0,5.71,2021
1230,Fakhar Zaman (PAK),13,183,60,20.33,0,,,,,,,,
1231,CH Gayle (WI),13,198,67,19.80,0,2,1/1,28.00,0,3,0,-8.19,2021
1232,Mahmudullah (BAN),13,264,52,26.40,0,2,1/9,40.50,0,7,0,-14.09,2021
1233,AK Markram (SA),13,408,70,40.80,0,5,3/21,17.20,0,12,0,23.60,2021
1234,Mohammad Naim (BAN),13,267,63*,22.25,0,,,,,,,,
1235,Nurul Hasan (BAN),13,95,22*,11.87,0,,,,,,,,
1236,AD Russell (WI),13,176,51,25.14,0,10,3/43,26.70,0,3,0,-1.55,2021
1237,SSM Stanislaus (MLT),13,177,35,16.09,0,,,,,,,,
1238,VP Thamotharam (MLT),13,285,104*,25.90,1,9,2/22,29.22,0,3,0,-3.31,2021
1239,Waseem Abbas (MLT),13,47,14,7.83,0,24,5/37,13.37,1,1,0,-5.54,2021
1240,B Arora (MLT),12,299,66*,37.37,0,3,1/14,66.66,0,3,0,-29.29,2021
1241,DJ Bravo (WI),12,72,47*,24.00,0,14,4/19,15.50,0,7,0,8.50,2021
1242,RP Burl (ZIM),12,181,37*,30.16,0,8,3/22,22.87,0,9,0,7.29,2021
1243,R Ngarava (ZIM),12,13,11*,6.50,0,9,2/13,36.33,0,2,0,-29.83,2021
1244,Shakib Al Hasan (BAN),12,196,36,17.81,0,14,4/9,21.35,0,2,0,-3.53,2021
1245,Zeeshan Khan (MLT),12,181,47,15.08,0,,,,,,,,
1246,GF Linde (SA),11,70,22,8.75,0,13,3/23,20.53,0,5,0,-11.78,2021
1247,Mahedi Hasan (BAN),11,88,23,14.66,0,10,2/12,20.40,0,5,0,-5.73,2021
1248,T Marumani (ZIM),11,118,35,10.72,0,,,,,,,,
1249,Nasum Ahmed (BAN),11,5,3*,5.00,0,16,4/10,12.25,0,2,0,-7.24,2021
1250,HE van der Dussen (SA),11,214,56*,30.57,0,,,,,,,,
1251,F Akankwasa (UGA),10,38,19,7.60,0,8,3/11,15.00,0,0,0,-7.39,2021
1252,Q de Kock (SA),10,455,72,56.87,0,,,,,,,,
1253,Haris Rauf (PAK),10,6,6,3.00,0,10,2/18,26.00,0,2,0,-22.99,2021
1254,Hasan Ali (PAK),10,38,15*,19.00,0,15,4/18,14.93,0,2,0,4.06,2021
1255,MC Henriques (AUS),10,135,33,13.50,0,0,,,,,,,
1256,SO Hetmyer (WI),10,160,61,22.85,0,,,,,,,,
1257,H Klaasen (SA),10,136,50,22.66,0,,,,,,,,
1258,E Lewis (WI),10,329,79,36.55,0,,,,,,,,
1259,MR Marsh (AUS),10,375,75,37.50,0,8,3/24,13.62,0,5,0,23.87,2021
1260,Mustafizur Rahman (BAN),10,4,4,2.00,0,18,4/12,9.94,0,2,0,-7.94,2021
1261,DM Nakrani (UGA),10,73,38*,12.16,0,10,2/20,18.50,0,1,0,-6.33,2021
1262,Riazat Ali Shah (UGA),10,218,59,31.14,0,6,3/23,26.33,0,4,0,4.80,2021
1263,M Shumba (ZIM),10,191,66*,47.75,0,0,,,,,,,
1264,Usman Qadir (PAK),10,6,4,3.00,0,8,3/29,23.75,0,0,0,-20.74,2021
1265,MS Wade (AUS),10,129,33,12.90,0,,,,,,,,
1266,FA Allen (WI),9,105,34,35.00,0,6,2/18,34.66,0,10,0,0.33,2021
1267,PVD Chameera (SL),9,5,2*,1.66,0,11,4/17,17.27,0,1,0,-15.60,2021
1268,CR Ervine (ZIM),9,275,67*,34.37,0,,,,,,,,
1269,ADS Fletcher (WI),9,127,35,18.14,0,,,,,,,,
1270,PW Hasaranga (SL),9,46,15,5.75,0,12,4/9,18.41,0,2,0,-12.66,2021
1271,N Khanna (MLT),9,114,35*,19.00,0,,,,,,,,
1272,DA Miller (SA),9,217,75*,36.16,0,,,,,,,,
1273,B Muzarabani (ZIM),9,11,8,5.50,0,6,2/21,39.66,0,1,0,-34.16,2021
1274,RB Patel (UGA),9,138,35*,27.60,0,,,,,,,,
1275,KA Pollard (WI),9,101,51*,25.25,0,1,1/24,60.00,0,1,0,-34.74,2021
1276,K Rabada (SA),9,52,19*,-,,,,,,,,,
1277,R Satheesan (ROM),9,330,76,41.25,0,0,,,,,,,
1278,Shaheen Shah Afridi (PAK),9,9,7*,9.00,0,8,3/30,33.87,0,7,0,-24.87,2021
1279,MD Shanaka (SL),9,128,50,16.00,0,4,2/20,18.25,0,6,0,-2.24,2021
1280,LMP Simmons (WI),9,246,72,30.75,0,0,,,,,,,
1281,Soumya Sarkar (BAN),9,158,68,17.55,0,3,2/19,27.66,0,1,0,-10.11,2021
1282,H Ssenyondo (UGA),9,4,2*,2.00,0,10,4/14,16.30,0,0,0,-14.29,2021
1283,HR Walsh (WI),9,12,12*,-,,,,,,,,,
1284,A Zampa (AUS),9,8,4,2.00,0,9,2/20,27.00,0,2,0,-24.99,2021
1285,Abdul-Shakoor Rahimzei (GER),8,94,31,11.75,0,1,1/18,51.00,0,2,0,-39.24,2021
1286,J Albin (BUL),8,67,18*,22.33,0,4,1/9,30.25,0,1,0,-7.91,2021
1287,SE Aquilina (MLT),8,4,4*,-,,,,,,,,,
1288,A Balbirnie (IRE),8,137,36,17.12,0,,,,,,,,
1289,TC Barker (LUX),8,325,78,40.62,0,,,,,,,,
1290,T Bavuma (SA),8,161,72,20.12,0,,,,,,,,
1291,AT Carey (AUS),8,57,20*,8.14,0,,,,,,,,
1292,TL Chatara (ZIM),8,3,3*,3.00,0,8,2/23,28.12,0,1,0,-25.12,2021
1293,WJ Cope (LUX),8,63,38,12.60,0,4,1/25,49.50,0,2,0,-36.89,2021
1294,KC D'Souza (BUL),8,113,31,16.14,0,,,,,,,,
1295,IA De Silva (BUL),8,172,100*,24.57,1,,,,,,,,
1296,P Florin (ROM),8,7,3*,-,,,,,,,,,
1297,V Ganesan (GER),8,72,30,14.40,0,4,2/15,36.00,0,11,0,-21.59,2021
1298,SC Getkate (IRE),8,88,24,14.66,0,8,3/20,17.50,0,2,0,-2.83,2021
1299,Haroon Mughal (MLT),8,44,33,7.33,0,,,,,,,,
1300,JR Hazlewood (AUS),8,19,13*,9.50,0,12,3/12,16.75,0,0,0,-7.24,2021
1301,RR Hendricks (SA),8,259,69,37.00,0,0,,,,,,,
1302,H Lakov (BUL),8,249,68*,49.80,0,10,2/8,18.60,0,1,0,31.20,2021
1303,G Manan (ROM),8,131,40,16.37,0,,,,,,,,
1304,J Mees (LUX),8,206,50,25.75,0,,,,,,,,
1305,P Mishra (BUL),8,83,53,11.85,0,5,3/12,37.40,0,1,0,-25.54,2021
1306,Mohammad Saifuddin (BAN),8,27,19,9.00,0,11,3/12,18.90,0,4,0,-9.90,2021
1307,D Myers (ZIM),8,139,35,17.37,0,0,,,,,,,
1308,D Nikolov (BUL),8,21,14,4.20,0,2,2/23,42.00,0,5,0,-37.79,2021
1309,KJ O'Brien (IRE),8,150,60,18.75,0,,,,,,,,
1310,S Periyalwar (ROM),8,114,54*,38.00,0,,,,,,,,
1311,Saber Zakhil (Belg),8,231,100*,46.20,1,8,3/28,15.37,0,2,0,30.82,2021
1312,V Saini (ROM),8,37,16,12.33,0,8,4/12,24.62,0,3,0,-12.29,2021
1313,Sami Ullah (ROM),8,96,33,19.20,0,13,3/10,13.23,0,2,0,5.96,2021
1314,Saud Islam (UGA),8,230,75,32.85,0,,,,,,,,
1315,Shoriful Islam (BAN),8,0,0*,0.00,0,15,3/33,13.86,0,4,0,-13.86,2021
1316,H Singh (GER),8,176,68*,25.14,0,,,,,,,,
1317,PR Stirling (IRE),8,277,115*,39.57,1,2,2/12,27.50,0,3,0,12.07,2021
1318,Talha Khan (GER),8,140,51*,23.33,0,0,,,,,,,
1319,Taranjeet Singh (ROM),8,276,91,39.42,0,9,3/27,17.55,0,2,0,21.87,2021
1320,V Vijh (LUX),8,145,31,20.71,0,15,4/19,11.46,0,1,0,9.24,2021
1321,F Achelam (UGA),7,25,14,12.50,0,,,,,,,,
1322,AC Agar (AUS),7,38,27,6.33,0,4,1/17,42.00,0,6,0,-35.66,2021
1323,Khalid Zahid (SWE),7,84,47*,16.80,0,3,1/31,63.00,0,2,0,-46.19,2021
1324,Aqib Iqbal (Aut),7,26,12*,26.00,0,11,5/5,14.54,1,1,0,11.45,2021
1325,A Ashokan (CZK-R),7,151,55*,30.20,0,1,1/29,104.00,0,3,0,-73.79,2021
1326,SVE Bharathi (GER),7,2,2*,2.00,0,11,2/16,11.00,0,1,0,-8.99,2021
1327,A Bishnoi (MLT),7,4,3*,1.33,0,5,2/25,29.20,0,1,0,-27.86,2021
1328,W Boshoff (SWE),7,83,32,11.85,0,,,,,,,,
1329,VB Chikkannaiah (GER),7,158,81*,26.33,0,,,,,,,,
1330,DT Christian (AUS),7,91,39,22.75,0,2,2/17,40.50,0,1,0,-17.74,2021
1331,S Davizi (CZK-R),7,244,57,34.85,0,4,2/13,20.25,0,1,0,14.60,2021
1332,DM de Silva (SL),7,81,40*,16.20,0,0,,,,,,,
1333,Faheem Ashraf (PAK),7,45,30,9.00,0,5,3/17,28.40,0,3,0,-19.39,2021
1334,WIA Fernando (SL),7,78,26,11.14,0,,,,,,,,
1335,BC Fortuin (SA),7,13,8,6.50,0,9,3/16,15.00,0,3,0,-8.49,2021
1336,Ghulam Ahmadi (GER),7,11,11*,-,,,,,,,,,
1337,Gurdeep Singh (KENYA),7,145,44,24.16,0,2,2/16,15.00,0,3,0,9.16,2021
1338,JO Holder (WI),7,38,20,19.00,0,6,4/26,16.50,0,1,0,2.50,2021
1339,IA Karim (KENYA),7,160,67,32.00,0,,,,,,,,
1340,L Karlsson (SWE),7,13,13,6.50,0,5,3/38,26.60,0,3,0,-20.09,2021
1341,OC McCoy (WI),7,2,1*,2.00,0,14,4/22,12.57,0,1,0,-10.57,2021
1342,Mohammad Hasnain (PAK),7,0,0*,-,,,,,,,,,
1343,D Muhumuza (UGA),7,9,4*,4.50,0,3,2/29,29.33,0,2,0,-24.83,2021
1344,S Nadigotla (ROM),7,134,55,33.50,0,,,,,,,,
1345,Naveed Ahmed (CZK-R),7,55,21,18.33,0,6,3/17,24.33,0,3,0,-5.99,2021
1346,L Ngidi (SA),7,0,0,0.00,0,8,3/32,28.62,0,1,0,-28.62,2021
1347,SO Ngoche (KENYA),7,77,41*,25.66,0,9,2/9,11.55,0,2,0,14.11,2021
1348,B Niaz (Belg),7,28,20*,9.33,0,8,4/8,9.87,0,1,0,-0.54,2021
1349,NM Odhiambo (KENYA),7,54,19,13.50,0,,,,,,,,
1350,A Otwani (UGA),7,45,21,7.50,0,,,,,,,,
1351,RN Patel (KENYA),7,108,26,21.60,0,,,,,,,,
1352,Rahel Khan (SWE),7,133,37,19.00,0,1,1/16,53.00,0,2,0,-33.99,2021
1353,Razmal Shigiwal (Aut),7,206,70,41.20,0,2,2/28,27.00,0,2,0,14.20,2021
1354,Sahel Zadran (Aut),7,11,8,11.00,0,6,2/12,32.50,0,2,0,-21.49,2021
1355,Sahir Naqash (GER),7,57,17*,19.00,0,8,2/19,19.87,0,3,0,-0.87,2021
1356,Shadab Khan (PAK),7,43,36*,21.50,0,5,3/52,27.40,0,4,0,-5.89,2021
1357,Shamim Hossain (BAN),7,72,31*,14.40,0,0,,,,,,,
1358,Sheraz Sheikh (Belg),7,48,19*,12.00,0,7,3/22,15.14,0,3,0,-3.14,2021
1359,Simi Singh (IRE),7,38,28*,12.66,0,7,2/19,23.28,0,3,0,-10.61,2021
1360,M Simpson-Parker (Aut),7,190,65*,31.66,0,1,1/8,18.00,0,2,0,13.66,2021
1361,H Srinivasan (GER),7,20,15*,10.00,0,,,,,,,,
1362,AJ Turner (AUS),7,51,24,10.20,0,1,1/16,40.00,0,1,0,-29.79,2021
1363,A Venkatesh (SWE),7,174,54,24.85,0,9,3/13,14.66,0,3,0,10.19,2021
1364,S Wickramasekara (CZK-R),7,97,58,19.40,0,3,1/9,40.33,0,1,0,-20.93,2021
1365,MR Adair (IRE),6,31,15*,10.33,0,15,4/23,11.13,0,3,0,-0.79,2021
1366,S Adedeji (NGA),6,190,68,31.66,0,3,1/16,27.33,0,4,0,4.33,2021
1367,VD Adewoye (NGA),6,29,12,4.83,0,1,1/12,12.00,0,1,0,-7.16,2021
1368,Aftab Kayani (ROM),6,22,20,11.00,0,9,2/6,11.22,0,2,0,-0.22,2021
1369,P Aho (NGA),6,82,44*,27.33,0,3,1/15,51.00,0,0,0,-23.66,2021
1370,Ali Waqar (CZK-R),6,23,15,7.66,0,2,1/19,76.00,0,2,0,-68.33,2021
1371,AJ Ayannaike (NGA),6,46,18,7.66,0,,,,,,,,
1372,JM Bairstow (ENG),6,93,51,18.60,0,,,,,,,,
1373,J Barker (LUX),6,61,36*,30.50,0,,,,,,,,
1374,A Dananjaya (SL),6,3,2*,-,,,,,,,,,
1375,Dipanjan Dey (SWE),6,138,75*,34.50,0,,,,,,,,
1376,GH Dockrell (IRE),6,77,33*,25.66,0,0,,,,,,,
1377,AJ Hosein (WI),6,2,2*,-,,,,,,,,,
1378,C Karunaratne (SL),6,69,24*,34.50,0,1,1/34,89.00,0,1,0,-54.49,2021
1379,PK Langat (KENYA),6,2,2*,-,,,,,,,,,
1380,Litton Das (BAN),6,65,33,13.00,0,,,,,,,,
1381,LS Livingstone (ENG),6,190,103,47.50,1,2,1/8,36.00,0,3,0,11.50,2021
1382,DJ Malan (ENG),6,120,76,20.00,0,,,,,,,,
1383,JN Malan (SA),6,131,55,21.83,0,,,,,,,,
1384,P Malav (LUX),6,0,0*,-,,,,,,,,,
1385,K Mendon (CZK-R),6,109,45*,27.25,0,0,,,,,,,
1386,Mohameed Taiwo (NGA),6,58,19*,29.00,0,0,,,,,,,
1387,A Nortje (SA),6,4,4*,4.00,0,6,2/29,22.50,0,1,0,-18.49,2021
1388,AA Obanda (KENYA),6,112,37,28.00,0,,,,,,,,
1389,NN Odhiambo (KENYA),6,9,8,4.50,0,5,3/22,21.00,0,1,0,-16.49,2021
1390,CN Onwuzulike (NGA),6,94,54,15.66,0,,,,,,,,
1391,Qudratullah Mir Afzail (SWE),6,24,13*,8.00,0,4,3/28,23.75,0,1,0,-15.74,2021
1392,EB Ringera (KENYA),6,10,8,3.33,0,3,1/23,43.66,0,1,0,-40.33,2021
1393,Sharjeel Khan (PAK),6,46,20,15.33,0,,,,,,,,
1394,Sohaib Maqsood (PAK),6,52,19,13.00,0,,,,,,,,
1395,MA Starc (AUS),6,46,14,23.00,0,4,2/33,50.50,0,2,0,-27.49,2021
1396,P Useni (NGA),6,7,7*,-,,,,,,,,,
1397,S Vashisht (ROM),6,1,1,0.50,0,5,4/22,26.20,0,4,0,-25.69,2021
1398,K Waiswa (UGA),6,51,33,12.75,0,3,2/41,24.66,0,1,0,-11.91,2021
1399,T Whiteman (LUX),6,143,55*,35.75,0,,,,,,,,
1400,LB Williams (SA),6,4,2*,-,,,,,,,,,
1401,CA Young (IRE),6,33,22,11.00,0,4,2/15,44.00,0,0,0,-32.99,2021
1402,Aasif Sheikh (NEP),5,154,54*,38.50,0,,,,,,,,
1403,KD Abeyrathna (NOR),5,58,30,11.60,0,,,,,,,,
1404,DS Airee (NEP),5,147,60,73.50,0,1,1/7,26.00,0,2,0,47.50,2021
1405,D Ajekun (NGA),5,63,22,12.60,0,,,,,,,,
1406,M Akayezu (RWN),5,97,51,24.25,0,4,2/17,36.50,0,0,0,-12.24,2021
1407,MK Anafie (GHA),5,42,21,14.00,0,6,2/32,17.16,0,1,0,-3.16,2021
1408,Ashiqullah Said (Belg),5,10,9,5.00,0,6,3/21,17.66,0,1,0,-12.66,2021
1409,SKA Awiah (GHA),5,24,22,8.00,0,3,2/26,22.33,0,2,0,-14.33,2021
1410,KS Bagabena (GHA),5,5,3*,5.00,0,6,3/27,17.16,0,4,0,-12.16,2021
1411,Bakhtiar Tahiri (BUL),5,158,49,39.50,0,4,3/13,16.50,0,1,0,23.00,2021
1412,G Bakiweyem (GHA),5,1,1,1.00,0,6,3/28,19.66,0,2,0,-18.66,2021
1413,R Bakum (GHA),5,69,63,13.80,0,,,,,,,,
1414,B Bhandari (NEP),5,15,8,15.00,0,,,,,,,,
1415,P Bhart (NOR),5,2,2,2.00,0,4,1/21,27.00,0,1,0,-24.99,2021
1416,K Bhurtel (NEP),5,278,77,69.50,0,,,,,,,,
1417,Bilal Hassun (UGA),5,1,1,0.50,0,7,4/17,14.42,0,1,0,-13.92,2021
1418,KD Karthik (IND),21,210,55,21.00,0,0,,,,,,,
1419,B Kumar (IND),20,5,2,1.66,0,27,5/4,16.92,1,1,0,-15.25,2022
1420,HH Pandya (IND),19,436,71*,36.33,0,12,4/33,33.16,0,4,0,3.16,2022
1421,KC D'Souza (BUL),17,405,92*,33.75,0,3,2/29,33.66,0,7,0,0.08,2022
1422,IA De Silva (BUL),17,390,59,24.37,0,,,,,,,,
1423,H Lakov (BUL),17,326,61,25.07,0,19,3/21,27.42,0,12,0,-2.34,2022
1424,P Mishra (BUL),17,306,55,18.00,0,12,2/17,43.41,0,2,0,-25.41,2022
1425,Razmal Shigiwal (Aut),17,486,95*,37.38,0,,,,,,,,
1426,SA Yadav (IND),17,575,117,35.93,1,,,,,,,,
1427,LM Jongwe (ZIM),16,118,35,14.75,0,15,2/16,22.40,0,2,0,-7.64,2022
1428,RR Pant (IND),16,251,44,22.81,0,,,,,,,,
1429,Sahel Zadran (Aut),16,36,19,7.20,0,14,5/13,18.92,1,7,0,-11.72,2022
1430,Sikandar Raza (ZIM),16,516,87,39.69,0,15,4/8,19.06,0,4,0,20.62,2022
1431,Abdullah Akbarjan (Aut),15,36,13,4.50,0,20,3/16,15.30,0,9,0,-10.79,2022
1432,A Ashokan (CZK-R),15,369,50*,36.90,0,11,3/32,28.27,0,5,0,8.62,2022
1433,YS Chahal (IND),15,,,,,,,,,,,,
1434,RW Chakabva (ZIM),15,227,31,16.21,0,,,,,,,,
1435,S Davizi (CZK-R),15,612,115*,51.00,2,1,1/25,59.00,0,8,0,-7.99,2022
1436,Dylan Steyn (CZK-R),15,465,106,31.00,1,,,,,,,,
1437,CR Ervine (ZIM),15,243,55*,17.35,0,,,,,,,,
1438,W Madhevere (ZIM),15,347,73*,26.69,0,7,2/15,20.00,0,5,0,6.69,2022
1439,Ritik Tomar (CZK-R),15,171,38,17.10,0,8,2/18,35.37,0,11,0,-18.27,2022
1440,Saim Hussain (BUL),15,492,108*,37.84,1,,,,,,,,
1441,M Simpson-Parker (Aut),15,134,41,13.40,0,,,,,,,,
1442,S Wickramasekara (CZK-R),15,279,63,23.25,0,13,5/15,20.76,1,2,0,2.48,2022
1443,Aqib Iqbal (Aut),14,141,42*,20.14,0,17,3/10,16.35,0,7,0,3.78,2022
1444,Mirza Ahsan (Aut),14,250,70*,20.83,0,,,,,,,,
1445,AR Patel (IND),14,75,20*,15.00,0,16,3/15,18.93,0,4,0,-3.93,2022
1446,RG Sharma (IND),14,381,72,31.75,0,,,,,,,,
1447,DV Varghese (BUL),14,25,17,5.00,0,7,1/7,45.00,0,5,0,-39.99,2022
1448,BP Adapaka (HUN),13,5,2,2.50,0,8,3/29,37.12,0,1,0,-34.62,2022
1449,Aaftab Alam Khan (MLT),13,161,71*,20.12,0,,,,,,,,
1450,J Albin (BUL),13,42,16*,10.50,0,3,1/19,82.33,0,2,0,-71.83,2022
1451,MM Ali (ENG),13,296,55*,42.28,0,7,2/26,29.57,0,1,0,12.71,2022
1452,Amjad Mahboob (SGP),13,32,16,8.00,0,13,3/54,29.84,0,2,0,-21.84,2022
1453,U Aryaman Sunil (SGP),13,123,36*,13.66,0,11,3/33,33.54,0,3,0,-19.87,2022
1454,Asad Ali Rehemtulla (BUL),13,37,16,7.40,0,15,4/24,23.80,0,3,0,-16.39,2022
1455,Avesh Khan (IND),13,10,8,10.00,0,11,4/18,32.45,0,7,0,-22.45,2022
1456,Babar Azam (PAK),13,353,110*,32.09,1,,,,,,,,
1457,Basil George (MLT),13,383,93*,31.91,0,0,,,,,,,
1458,V Baskaran (SGP),13,20,7,2.85,0,16,3/39,21.25,0,2,0,-18.39,2022
1459,Bilal Muhammad (MLT),13,57,19,6.33,0,16,4/18,23.93,0,6,0,-17.60,2022
1460,RP Burl (ZIM),13,171,54,21.37,0,11,3/13,15.45,0,2,0,5.92,2022
1461,S Chandramohan (SGP),13,281,100,21.61,1,,,,,,,,
1462,Iftikhar Ahmed (PAK),13,204,32,22.66,0,2,1/16,48.50,0,6,0,-25.83,2022
1463,Janak Prakash (SGP),13,302,56,27.45,0,13,3/35,33.38,0,9,0,-5.93,2022
1464,HV Mandhyan (HUN),13,166,41,13.83,0,17,3/30,21.64,0,3,0,-7.81,2022
1465,Mohammad Nabi (AFG),13,130,43*,13.00,0,9,2/14,28.33,0,4,0,-15.33,2022
1466,Mohammad Nawaz (3) (PAK),13,124,42,12.40,0,13,3/5,23.30,0,5,0,-10.90,2022
1467,SA Mohandas (HUN),13,55,26*,27.50,0,13,3/26,26.07,0,3,0,1.42,2022
1468,Najibullah Zadran (AFG),13,300,57,30.00,0,,,,,,,,
1469,A Nathwani (Aut),13,10,7*,10.00,0,23,3/14,11.43,0,1,0,-1.43,2022
1470,Naveed Ahmed (CZK-R),13,16,7*,5.33,0,15,3/29,18.93,0,1,0,-13.59,2022
1471,Omar Rassol (BUL),13,279,99*,31.00,0,4,2/29,53.50,0,4,0,-22.49,2022
1472,Rashid Khan (AFG),13,88,31*,17.60,0,13,3/22,24.61,0,4,0,-7.01,2022
1473,Riazat Ali Shah (UGA),13,409,98*,51.12,0,4,2/24,58.50,0,3,0,-7.37,2022
1474,S Ssesazi (UGA),13,388,78,32.33,0,,,,,,,,
1475,K Waiswa (UGA),13,112,26,11.20,0,8,4/14,21.37,0,5,0,-10.17,2022
1476,MR Adair (IRE),12,122,37*,20.33,0,13,3/16,29.23,0,4,0,-8.89,2022
1477,B Arora (MLT),12,213,60,17.75,0,7,1/12,40.71,0,2,0,-22.96,2022
1478,Azmatullah Omarzai (AFG),12,63,15*,12.60,0,1,1/25,189.00,0,3,0,-176.39,2022
1479,A Balbirnie (IRE),12,228,60,19.00,0,,,,,,,,
1480,J Butler (GUE),12,192,32,17.45,0,,,,,,,,
1481,IDA Damarell (GUE),12,257,51,25.70,0,,,,,,,,
1482,GJ Delany (IRE),12,39,16,4.33,0,10,3/33,23.70,0,1,0,-19.36,2022
1483,GH Dockrell (IRE),12,250,58*,50.00,0,4,2/7,20.50,0,6,0,29.50,2022
1484,LB Ferbrache (GUE),12,118,28,16.85,0,,,,,,,,
1485,Haris Rauf (PAK),12,40,13*,8.00,0,16,3/29,21.37,0,1,0,-13.37,2022
1486,DR Hooper (GUE),12,44,14,22.00,0,9,3/21,36.22,0,3,0,-14.22,2022
1487,Iqbal Hossain (Aut),12,412,71,37.45,0,4,3/22,10.50,0,6,0,26.95,2022
1488,JB Little (IRE),12,14,7*,14.00,0,20,4/35,18.50,0,4,0,-4.49,2022
1489,DJ Malan (ENG),12,346,78*,31.45,0,,,,,,,,
1490,Mohammad Rizwan (PAK),12,597,88*,59.70,0,,,,,,,,
1491,TW Nightingale (GUE),12,187,46*,20.77,0,0,,,,,,,
1492,F Nsubuga (UGA),12,29,15,7.25,0,9,2/16,24.22,0,2,0,-16.97,2022
1493,HV Patel (IND),12,41,13,10.25,0,13,4/25,25.69,0,4,0,-15.44,2022
1494,WA Peatfield (GUE),12,23,12*,23.00,0,17,4/22,13.82,0,1,0,9.17,2022
1495,AR Puri (SGP),12,3,1*,1.50,0,12,3/26,25.08,0,2,0,-23.58,2022
1496,Rahmanullah Gurbaz (AFG),12,294,84,24.50,0,,,,,,,,
1497,Sazib Bhuiyan (CZK-R),12,96,51,13.71,0,12,3/24,22.08,0,3,0,-8.36,2022
1498,PR Stirling (IRE),12,235,40,19.58,0,,,,,,,,
1499,MWR Stokes (GUE),12,271,48,33.87,0,11,2/11,22.36,0,6,0,11.51,2022
1500,HT Tector (IRE),12,228,64*,25.33,0,,,,,,,,
1501,LJ Tucker (IRE),12,268,78,22.33,0,,,,,,,,
1502,F Achelam (UGA),11,7,6,1.75,0,,,,,,,,
1503,Ali Farasat (HUN),11,115,23,12.77,0,,,,,,,,
1504,Arshdeep Singh (IND),11,4,2*,-,,,,,,,,,
1505,TC Barker (LUX),11,154,36,14.00,0,,,,,,,,
1506,WAE Burton (SRB),11,203,83,20.30,0,4,3/25,10.25,0,5,1,10.05,2022
1507,WJ Cope (LUX),11,94,37,13.42,0,10,3/39,20.70,0,3,0,-7.27,2022
1508,SM Curran (ENG),11,45,17,9.00,0,7,2/23,45.57,0,6,0,-36.57,2022
1509,LA Dunbar (SRB),11,386,117,48.25,1,,,,,,,,
1510,Fazalhaq Farooqi (AFG),11,,,,,,,,,,,,
1511,R Gaznavi (SGP),11,121,30,12.10,0,,,,,,,,
1512,SKS Gill (LUX),11,208,47,23.11,0,6,2/14,31.16,0,2,0,-8.05,2022
1513,Hazratullah Zazai (AFG),11,233,45,23.30,0,,,,,,,,
1514,Ijaz Hussain (ROM),11,79,24*,11.28,0,14,4/28,14.71,0,3,0,-3.42,2022
1515,NR Johns-Wickberg (SRB),11,33,15,11.00,0,11,3/6,24.36,0,2,0,-13.36,2022
1516,Khaibar Deldar (HUN),11,147,40,13.36,0,3,1/17,30.66,0,5,0,-17.30,2022
1517,Khushdil Shah (PAK),11,121,35*,17.28,0,,,,,,,,
1518,J Mees (LUX),11,186,25,18.60,0,,,,,,,,
1519,A Mene-Ejegi (SRB),11,106,32*,13.25,0,11,4/30,23.72,0,5,0,-10.47,2022
1520,R Powell (WI),11,207,61*,25.87,0,0,,,,,,,
1521,V Saini (ROM),11,264,60*,37.71,0,7,2/4,28.57,0,7,0,9.14,2022
1522,R Satheesan (ROM),11,313,86*,31.30,0,5,3/37,22.40,0,3,0,8.90,2022
1523,Shahil Momin (Aut),11,171,48*,28.50,0,19,4/19,12.52,0,7,0,15.97,2022
1524,M Shumba (ZIM),11,110,29*,15.71,0,3,3/16,18.00,0,8,0,-2.28,2022
1525,Taranjeet Singh (ROM),11,428,110,42.80,1,17,4/17,13.76,0,6,0,29.03,2022
1526,VP Thamotharam (MLT),11,274,57,30.44,0,13,3/22,14.07,0,3,0,16.36,2022
1527,V Zimonjic (SRB),11,43,27*,14.33,0,10,3/26,25.30,0,1,0,-10.96,2022
1528,Abhijeet Ahuja (HUN),10,203,75,20.30,0,,,,,,,,
1529,Afif Hossain (BAN),10,309,77*,44.14,0,1,1/10,28.00,0,2,0,16.14,2022
1530,Ainool Hafizs (MAS),10,14,9,7.00,0,,,,,,,,
1531,Aizaz Khan (HKG),10,65,20,8.12,0,12,3/22,20.50,0,3,0,-12.37,2022
1532,Aman Desai (SGP),10,123,30,12.30,0,,,,,,,,
1533,Amar Sharma (MLT),10,62,34*,31.00,0,10,3/24,25.30,0,0,0,5.70,2022
1534,Amjad Sher (FIN),10,91,22*,11.37,0,8,2/22,33.62,0,3,0,-22.24,2022
1535,S Ashwathnarayana (HUN),10,156,52,22.28,0,,,,,,,,
1536,Asif Ali (PAK),10,75,16,9.37,0,,,,,,,,
1537,Babar Hayat (HKG),10,258,86,32.25,0,,,,,,,,
1538,LT Bichard (GUE),10,2,2*,-,,,,,,,,,
1539,HC Brook (ENG),10,293,81*,48.83,0,,,,,,,,
1540,L Bruce (GIBR),10,209,99*,23.22,0,5,2/34,53.00,0,4,0,-29.77,2022
1541,TL Chatara (ZIM),10,11,6*,-,,,,,,,,,
1542,NG Collins (FIN),10,280,79,28.00,0,,,,,,,,
1543,A Dizija (SRB),10,303,92,30.30,0,0,,,,,,,
1544,Ehsan Khan (HKG),10,10,6*,2.50,0,20,4/24,11.95,0,3,0,-9.44,2022
1545,PF Gallagher (FIN),10,107,34*,13.37,0,12,3/33,18.91,0,5,0,-5.54,2022
1546,M Gherasim (ROM),10,2,2,1.00,0,0,,,,,,,
1547,Ibrahim Zadran (AFG),10,287,64*,41.00,0,,,,,,,,
1548,Imran Ameer (MLT),10,128,31*,25.60,0,6,2/22,36.83,0,2,0,-11.23,2022
1549,SS Iyer (IND),10,220,64,24.44,0,0,,,,,,,
1550,Jaweed Sadran (Aut),10,43,18*,10.75,0,8,3/17,23.12,0,2,0,-12.37,2022
1551,M Kadyan (BUL),10,90,50,15.00,0,7,2/20,29.85,0,0,0,-14.85,2022
1552,I Katzarski (BUL),10,9,5,3.00,0,0,,,,,,,
1553,V Kohli (IND),10,364,122*,45.50,1,0,,,,,,,
1554,C Kyewuta (UGA),10,5,4*,-,,,,,,,,,
1555,OC McCoy (WI),10,25,23*,12.50,0,16,6/17,20.93,1,2,0,-8.43,2022
1556,KA Maharaj (SA),10,15,11,7.50,0,9,2/21,29.77,0,6,0,-22.27,2022
1557,J Marples (GIBR),10,11,5,5.50,0,,,,,,,,
1558,SS McKechnie (HKG),10,49,16*,9.80,0,,,,,,,,
1559,DJ Mitchell (NZ),10,265,51*,33.12,0,1,1/6,21.00,0,5,0,12.12,2022
1560,Mohammad Ghazanfar (HKG),10,5,3,2.50,0,11,3/22,21.45,0,0,0,-18.95,2022
1561,AK Mohan (FIN),10,138,61,13.80,0,,,,,,,,
1562,Muhamad Syahadat (MAS),10,119,40*,39.66,0,0,,,,,,,
1563,Mujeeb Ur Rahman (AFG),10,19,18,19.00,0,13,3/16,16.46,0,0,0,2.53,2022
1564,S Muniandy (MAS),10,98,40,32.66,0,4,3/21,13.25,0,4,0,19.41,2022
1565,JDS Neesham (NZ),10,191,33*,38.20,0,4,2/9,31.00,0,5,0,7.20,2022
1566,Nizakat Khan (HKG),10,267,81,26.70,0,,,,,,,,
1567,BA Pai (GIBR),10,406,86*,58.00,0,7,2/38,37.28,0,3,0,20.71,2022
1568,S Periyalwar (ROM),10,163,50,23.28,0,,,,,,,,
1569,N Pooran (WI),10,205,74*,25.62,0,,,,,,,,
1570,AU Rashid (ENG),10,6,3*,3.00,0,7,2/17,44.57,0,5,0,-41.57,2022
1571,MJ Santner (NZ),10,103,77*,51.50,0,12,3/15,20.83,0,5,0,30.66,2022
1572,KD Shah (HKG),10,167,37,23.85,0,2,1/11,48.00,0,4,0,-24.14,2022
1573,IS Sodhi (NZ),10,26,19,13.00,0,16,4/28,18.12,0,7,0,-5.12,2022
1574,Syed Aziz (MAS),10,172,56,28.66,0,5,2/21,20.20,0,5,0,8.46,2022
1575,MB Tambe (FIN),10,53,31*,13.25,0,13,3/21,19.00,0,4,0,-5.74,2022
1576,Virandeep Singh (MAS),10,234,72,33.42,0,14,3/4,7.71,0,4,0,25.71,2022
1577,AG Weligamage (HUN),10,74,45,14.80,0,5,3/45,40.60,0,4,0,-25.79,2022
1578,Yasim Murtaza (HKG),10,162,58,18.00,0,7,3/19,33.14,0,2,0,-15.14,2022
1579,Zahir Mohammed (HUN),10,183,78,18.30,0,0,,,,,,,
1580,Zeeshan Ali (HKG),10,134,42,22.33,0,,,,,,,,
1581,Zubaidi Zulkifle (MAS),10,252,96,28.00,0,,,,,,,,
1582,Abhishek Ahuja (HUN),9,165,61,18.33,0,,,,,,,,
1583,Ahmadullah Shinwari (NOR),9,13,7,3.25,0,9,2/9,16.88,0,4,0,-13.63,2022
1584,Ali Saleem (NOR),9,130,53*,18.57,0,,,,,,,,
1585,Awais Ahmed (ESP),9,107,42,11.88,0,,,,,,,,
1586,Azam Khalil (SWE),9,98,29,14.00,0,9,3/15,19.77,0,3,0,-5.77,2022
1587,J Barker (LUX),9,138,44,34.50,0,,,,,,,,
1588,J Bulele (MOZ),9,226,53,25.11,0,11,3/22,17.90,0,3,0,7.20,2022
1589,LA Burns (ESP),9,88,47,17.60,0,15,5/11,11.26,1,2,0,6.33,2022
1590,C Campher (IRE),9,96,29,16.00,0,3,2/13,40.33,0,5,0,-24.33,2022
1591,MPS Cheema (Aut),9,80,33,16.00,0,,,,,,,,
1592,FA Cossa (MOZ),9,141,68,28.20,0,11,2/7,14.81,0,4,0,13.38,2022
1593,F Damiao Couana (MOZ),9,165,53,27.50,0,10,3/8,16.90,0,5,0,10.60,2022
1594,Divyendra Singh (CZK-R),9,32,9,6.40,0,,,,,,,,
1595,D Doyle-Calle (ESP),9,204,50,22.66,0,,,,,,,,
1596,Gaurav Mishra (ROM),9,62,24,20.66,0,3,1/17,58.00,0,1,0,-37.33,2022
1597,HS Gericke (MLT),9,209,67,23.22,0,,,,,,,,
1598,M Gouws (GIBR),9,82,37,11.71,0,2,1/16,70.50,0,1,0,-58.78,2022
1599,MD Gunathilaka (SL),9,108,33,12.00,0,0,,,,,,,
1600,MJ Guptill (NZ),9,198,45,22.00,0,,,,,,,,
1601,Hamid Mahmood (SWE),9,189,69,31.50,0,6,3/10,16.16,0,3,0,15.33,2022
1602,Hamza Dar (ESP),9,84,39*,14.00,0,,,,,,,,
1603,PW Hasaranga (SL),9,103,36,17.16,0,14,4/33,18.78,0,4,0,-1.61,2022
1604,DJ Hooda (IND),9,272,104,45.33,1,1,1/3,8.00,0,9,0,37.33,2022
1605,JJ Huo (MOZ),9,126,28*,31.50,0,17,4/11,9.47,0,3,0,22.02,2022
1606,Ishan Kishan (IND),9,254,76,28.22,0,,,,,,,,
1607,L Karlsson (SWE),9,30,14,10.00,0,13,4/20,10.23,0,9,0,-0.23,2022
1608,C Karunaratne (SL),9,81,31,20.25,0,7,2/27,25.28,0,2,0,-5.03,2022
1609,A Kheterpal (HUN),9,143,42,28.60,0,2,1/19,129.50,0,2,0,-100.89,2022
1610,Khizar Hayat (MAS),9,37,15*,-,,,,,,,,,
1611,ML Kostic (SRB),9,37,15,6.16,0,3,1/23,50.33,0,1,0,-44.16,2022
1612,Manpreet Singh (SGP),9,185,59,23.12,0,0,,,,,,,
1613,KR Mayers (WI),9,187,73,23.37,0,0,,,,,,,
1614,BJ McCarthy (IRE),9,59,32,14.75,0,5,3/34,53.40,0,6,0,-38.64,2022
1615,BKG Mendis (SL),9,198,60,22.00,0,,,,,,,,
1616,DA Miller (SA),9,158,64*,39.50,0,,,,,,,,
1617,J Miyagi (UGA),9,42,26,10.50,0,14,3/7,13.50,0,2,0,-2.99,2022
