player,matches,inn,no,runs,hs,avg,bf,sr,_100,_50,_0,_4s,_6s,season
Ahmed Shehzad (PAK),4,4,1,215,98*,71.66,166,129.51,0,2,0,16,9,2013
AJ Finch (AUS),2,2,0,161,156,80.50,68,236.76,1,0,0,12,14,2013
AD Hales (ENG),4,4,1,141,94,47.00,99,142.42,0,1,0,17,3,2013
JP Duminy (SA),3,3,1,132,51*,66.00,109,121.10,0,2,0,9,3,2013
CO Obuya (KENYA),4,4,3,132,75*,132.00,99,133.33,0,1,1,10,4,2013
H Masakadza (ZIM),4,4,0,120,59,30.00,101,118.81,0,1,0,11,2,2013
MR Swart (NED),2,2,0,116,89,58.00,68,170.58,0,1,0,9,7,2013
F du Plessis (SA),3,3,0,105,85,35.00,91,115.38,0,1,0,11,4,2013
Shakib Al Hasan (BAN),2,2,0,105,65,52.50,68,154.41,0,1,0,14,3,2013
KC Sangakkara (SL),2,2,1,98,59*,98.00,88,111.36,0,1,0,13,0,2013
MJ Lumb (ENG),4,4,0,96,43,24.00,55,174.54,0,0,0,12,4,2013
JE Root (ENG),2,2,2,91,90*,-,,,,,,,,
BRM Taylor (ZIM),4,4,1,90,40,30.00,69,130.43,0,0,0,12,1,2013
RR Patel (KENYA),4,4,1,86,46*,28.66,50,172.00,0,0,1,3,8,2013
V Sibanda (ZIM),4,4,0,86,32,21.50,96,89.58,0,0,1,9,1,2013
LJ Wright (ENG),4,4,1,86,52,28.66,54,159.25,0,1,0,10,2,2013
TM Dilshan (SL),2,2,1,83,74*,83.00,70,118.57,0,1,0,9,2,2013
Mohammad Hafeez (PAK),4,4,1,80,54*,26.66,62,129.03,0,1,0,7,2,2013
AA Obanda (KENYA),3,3,0,78,47,26.00,65,120.00,0,0,0,11,2,2013
RS Bopara (ENG),4,3,2,76,45,76.00,49,155.10,0,0,0,6,2,2013
Shahid Afridi (PAK),4,3,1,75,46,37.50,53,141.50,0,0,0,5,3,2013
KA Pollard (WI),2,2,1,72,49*,72.00,46,156.52,0,0,0,6,4,2013
MN Waller (ZIM),4,4,2,70,26*,35.00,45,155.55,0,0,0,7,3,2013
BB McCullum (NZ),2,1,0,68,68,68.00,48,141.66,0,1,0,7,2,2013
Umar Amin (PAK),4,3,0,68,47,22.66,58,117.24,0,0,0,11,0,2013
HD Rutherford (NZ),2,1,0,62,62,62.00,35,177.14,0,1,0,6,4,2013
DA Miller (SA),3,2,0,61,36,30.50,45,135.55,0,0,0,1,3,2013
DJ Bravo (WI),2,2,0,60,35,30.00,79,75.94,0,0,0,4,1,2013
CS MacLeod (SCOT),2,2,1,59,46*,59.00,68,86.76,0,0,0,2,2,2013
SC Williams (ZIM),4,4,0,56,25,14.00,50,112.00,0,0,0,5,1,2013
Shamsur Rahman (BAN),2,2,0,55,53,27.50,51,107.84,0,1,0,7,1,2013
Umar Akmal (PAK),2,2,1,55,46*,55.00,45,122.22,0,0,0,4,1,2013
DA Warner (AUS),2,2,0,54,53,27.00,47,114.89,0,1,0,5,3,2013
RD Berrington (SCOT),2,2,0,49,29,24.50,66,74.24,0,0,0,5,0,2013
NLTC Perera (SL),3,3,2,47,25*,47.00,34,138.23,0,0,1,5,1,2013
Mushfiqur Rahim (BAN),2,2,0,45,28,22.50,26,173.07,0,0,0,3,2,2013
Sikandar Raza (ZIM),2,2,0,45,31,22.50,44,102.27,0,0,0,1,2,2013
Tamim Iqbal (BAN),2,2,0,45,43,22.50,32,140.62,0,0,0,6,1,2013
JC Buttler (ENG),4,3,0,44,27,14.66,28,157.14,0,0,1,2,3,2013
SR Watson (AUS),2,2,0,44,37,22.00,22,200.00,0,0,0,5,2,2013
E Chigumbura (ZIM),2,2,1,41,35*,41.00,24,170.83,0,0,0,3,2,2013
SE Marsh (AUS),2,2,0,41,28,20.50,35,117.14,0,0,0,2,2,2013
SJ Myburgh (NED),1,1,0,41,41,41.00,32,128.12,0,0,0,4,1,2013
Q de Kock (SA),3,3,0,40,19,13.33,49,81.63,0,0,0,7,0,2013
MA Ouma (KENYA),4,4,0,40,19,10.00,54,74.07,0,0,0,4,1,2013
DPMD Jayawardene (SL),2,2,0,39,33,19.50,21,185.71,0,0,0,8,0,2013
TLW Cooper (NED),2,2,0,35,25,17.50,20,175.00,0,0,0,5,1,2013
DI Allan (KENYA),2,2,0,33,18,16.50,43,76.74,0,0,0,1,0,2013
MDKJ Perera (SL),3,3,0,33,21,11.00,40,82.50,0,0,0,5,0,2013
LRPL Taylor (NZ),2,1,1,32,32*,-,,,,,,,,
ADS Fletcher (WI),2,2,0,114,62,57.00,88,129.54,0,2,0,4,7,2014
AD Hales (ENG),2,2,0,106,66,53.00,66,160.60,0,1,0,10,5,2014
EJG Morgan (ENG),2,2,0,76,71,38.00,42,180.95,0,1,0,3,7,2014
V Kohli (IND),1,1,0,66,66,66.00,41,160.97,0,1,0,9,1,2014
BB McCullum (NZ),2,2,0,61,40,30.50,51,119.60,0,0,0,5,2,2014
KS Williamson (NZ),2,2,0,56,37,28.00,46,121.73,0,0,0,7,0,2014
RS Bopara (ENG),2,2,2,49,28*,-,,,,,,,,
NLTC Perera (SL),1,1,0,49,49,49.00,20,245.00,0,0,0,7,2,2014
LRPL Taylor (NZ),2,2,1,49,28*,49.00,43,113.95,0,0,0,3,2,2014
DM Bravo (WI),2,2,0,44,30,22.00,35,125.71,0,0,0,1,3,2014
HDRL Thirimanne (SL),1,1,0,40,40,40.00,32,125.00,0,0,0,3,1,2014
KDK Vithanage (SL),1,1,0,38,38,38.00,26,146.15,0,0,0,7,0,2014
LMP Simmons (WI),3,2,0,37,36,18.50,37,100.00,0,0,0,3,2,2014
JC Buttler (ENG),2,2,0,36,26,18.00,31,116.12,0,0,0,4,0,2014
S Dhawan (IND),1,1,0,33,33,33.00,28,117.85,0,0,0,2,2,2014
JE Root (ENG),2,2,0,31,26,15.50,36,86.11,0,0,0,2,0,2014
CJ Anderson (NZ),2,2,0,29,15,14.50,25,116.00,0,0,0,1,2,2014
KA Pollard (WI),3,2,0,29,16,14.50,28,103.57,0,0,0,2,1,2014
MS Dhoni (IND),1,1,1,27,27*,-,,,,,,,,
SK Raina (IND),1,1,0,25,25,25.00,20,125.00,0,0,0,1,1,2014
DJG Sammy (WI),3,2,0,20,10,10.00,,,,,,,,
Anamul Haque (BAN),1,1,1,19,19*,-,,,,,,,,
JDS Neesham (NZ),2,2,0,18,11,,,,,,,,,
DR Smith (WI),3,2,0,17,17,,,,,,,,,
AD Russell (WI),3,2,1,15,14*,15.00,12,125.00,0,0,0,2,0,2014
TM Dilshan (SL),1,1,0,14,14,14.00,,,,,,,,
IR Bell (ENG),1,1,0,13,13,13.00,17,76.47,0,0,0,2,0,2014
AD Mathews (SL),1,1,0,13,13,13.00,13,100.00,0,0,0,0,1,2014
L Ronchi (NZ),2,2,1,12,12,12.00,12,100.00,0,0,0,0,1,2014
Tamim Iqbal (BAN),1,1,1,11,11*,-,,,,,,,,
MDKJ Perera (SL),1,1,0,10,10,10.00,10,100.00,0,0,0,1,1,2014
KMDN Kulasekara (SL),1,1,1,,9*,-,,,,,,,,
AM Rahane (IND),1,1,0,,,,,,,,,,,
JJ Roy (ENG),1,1,0,,,,,,,,,,,
MA Carberry (ENG),1,1,0,,,,,,,,,,,
LD Chandimal (SL),1,1,0,,,,,,,,,,,
RA Jadeja (IND),1,1,0,,,,,,,,,,,
TA Boult (NZ),2,1,0,,,,,,,,,,,
CJ Jordan (ENG),1,1,0,,,,,,,,,,,
TWM Latham (NZ),2,1,0,,,,,,,,,,,
D Ramdin (WI),3,2,1,,2*,,,,,,,,,
AT Rayudu (IND),1,1,1,,3*,-,,,,,,,,
TG Southee (NZ),2,1,0,,,,,,,,,,,
CR Woakes (ENG),2,2,1,,2*,,,,,,,,,
BJ Watling (NZ),2,1,0,,,,,,,,,,,
MM Ali (ENG),1,1,0,,,,,,,,,,,
SP Narine (WI),3,1,1,,0*,-,,,,,,,,
IS Sodhi (NZ),2,1,1,,0*,-,,,,,,,,
Abdur Razzak (BAN),1,1,,,,,,,,,,,,
Al-Amin Hossain (BAN),1,1,,,,,,,,,,,,
BN Cooper (NED),8,8,1,223,66,31.85,175,127.42,0,2,1,16,11,2015
MH Cross (SCOT),8,5,0,206,60,41.20,116,177.58,0,1,0,28,7,2015
Mukhtar Ahmed (PAK),5,5,0,188,83,37.60,130,144.61,0,2,0,23,5,2015
PW Borren (NED),8,7,2,187,57,37.40,128,146.09,0,1,0,17,7,2015
Mohammad Shahzad (AFG),6,6,0,171,75,28.50,97,176.28,0,2,2,16,12,2015
PL Mommsen (SCOT),8,4,2,169,68*,84.50,101,167.32,0,1,0,13,9,2015
SJ Myburgh (NED),6,6,2,168,71*,42.00,148,113.51,0,2,0,13,4,2015
Nawroz Mangal (AFG),6,6,1,166,65*,33.20,138,120.28,0,2,1,12,7,2015
Samiullah Shinwari (AFG),6,6,2,160,44,40.00,147,108.84,0,0,0,12,4,2015
W Barresi (NED),8,8,0,158,75,19.75,114,138.59,0,1,0,17,7,2015
P Khadka (NEP),7,7,1,153,54,25.50,153,100.00,0,1,0,10,1,2015
KJ Coetzer (SCOT),8,6,0,145,39,24.16,98,147.95,0,0,0,24,1,2015
KS Williamson (NZ),4,4,0,144,57,36.00,87,165.51,0,1,0,24,1,2015
Ahmed Shehzad (PAK),5,5,0,143,55,28.60,133,107.51,0,1,0,16,1,2015
MJ Guptill (NZ),4,4,0,141,60,35.25,99,142.42,0,1,0,17,3,2015
MR Swart (NED),6,6,1,140,76*,28.00,139,100.71,0,1,0,13,1,2015
H Masakadza (ZIM),5,5,0,135,43,27.00,110,122.72,0,0,0,14,5,2015
Najibullah Zadran (AFG),6,5,1,133,44,33.25,77,172.72,0,0,0,5,11,2015
Asghar Afghan (AFG),6,6,1,131,44*,26.20,134,97.76,0,0,1,9,6,2015
Mohammad Nabi (AFG),6,5,1,117,33*,29.25,86,136.04,0,0,0,7,6,2015
RR Rossouw (SA),4,4,2,114,38,57.00,70,162.85,0,0,0,11,6,2015
KJ O'Brien (IRE),8,6,1,109,36,21.80,79,137.97,0,0,0,7,5,2015
S Vesawkar (NEP),7,7,0,108,27,15.42,125,86.40,0,0,0,4,3,2015
WTS Porterfield (IRE),4,4,2,107,57*,53.50,125,85.60,0,1,0,9,1,2015
SC Williams (ZIM),4,4,1,107,58*,35.66,80,133.75,0,1,0,10,1,2015
HG Munsey (SCOT),8,6,2,105,62*,26.25,76,138.15,0,1,2,18,1,2015
MS Chapman (HKG),4,4,0,103,40,25.75,83,124.09,0,0,0,13,2,2015
CJ Chibhabha (ZIM),4,3,0,96,67,32.00,84,114.28,0,1,0,12,1,2015
F du Plessis (SA),2,2,1,95,79*,95.00,78,121.79,0,1,0,9,0,2015
Shakib Al Hasan (BAN),3,3,1,91,57*,45.50,85,107.05,0,1,0,10,1,2015
AB de Villiers (SA),4,4,0,90,40,22.50,70,128.57,0,0,0,13,1,2015
SPD Smith (AUS),1,1,0,90,90,90.00,53,169.81,0,1,0,7,4,2015
GH Worker (NZ),2,2,0,90,62,45.00,64,140.62,0,1,0,6,5,2015
Nizakat Khan (HKG),4,4,0,85,26,21.25,73,116.43,0,0,0,5,4,2015
Umar Akmal (PAK),4,4,0,84,46,21.00,52,161.53,0,0,0,5,5,2015
PR Stirling (IRE),4,4,0,82,34,20.50,65,126.15,0,0,0,10,3,2015
RV Uthappa (IND),2,2,1,81,42,81.00,60,135.00,0,0,0,11,0,2015
CK Kapugedera (SL),2,2,2,79,48*,-,,,,,,,,
E Chigumbura (ZIM),4,4,0,78,54,19.50,51,152.94,0,1,0,8,4,2015
EJG Morgan (ENG),2,2,0,78,74,39.00,45,173.33,0,1,0,3,7,2015
A Balbirnie (IRE),7,4,0,77,31,19.25,78,98.71,0,0,0,9,0,2015
Shahid Afridi (PAK),5,5,1,76,45,19.00,39,194.87,0,0,0,2,7,2015
G Malla (NEP),7,7,0,75,24,10.71,85,88.23,0,0,1,13,0,2015
RD Berrington (SCOT),8,5,2,73,24*,24.33,56,130.35,0,0,0,8,1,2015
A Vala (PNG),3,3,1,73,34*,36.50,91,80.21,0,0,0,7,1,2015
MM Ali (ENG),1,1,1,72,72*,-,,,,,,,,
Mohammad Shahzad (UAE),3,3,0,70,43,23.33,48,145.83,0,0,0,6,4,2015
JE Root (ENG),1,1,0,68,68,68.00,46,147.82,0,1,0,8,1,2015
Shoaib Malik (PAK),4,4,1,68,46*,22.66,64,106.25,0,0,0,5,0,2015
Mohammad Hafeez (PAK),4,4,0,66,26,16.50,55,120.00,0,0,0,8,1,2015
GJ Maxwell (AUS),2,2,1,211,145*,211.00,94,224.46,1,1,0,21,13,2016
KL Rahul (IND),5,4,2,179,110*,89.50,112,159.82,1,0,1,17,8,2016
J Charles (WI),2,2,0,122,79,61.00,58,210.34,0,1,0,11,9,2016
E Lewis (WI),2,2,0,107,100,53.50,55,194.54,1,0,0,6,9,2016
JC Buttler (ENG),2,2,1,89,73*,89.00,64,139.06,0,1,0,5,4,2016
Mandeep Singh (IND),3,3,1,87,52*,43.50,73,119.17,0,1,0,11,1,2016
LD Chandimal (SL),3,3,0,85,58,28.33,70,121.42,0,1,0,7,2,2016
E Chigumbura (ZIM),3,3,1,78,54*,39.00,61,127.86,0,1,0,4,7,2016
KM Jadhav (IND),3,2,0,77,58,38.50,55,140.00,0,1,0,8,2,2016
DM de Silva (SL),2,2,0,74,62,37.00,58,127.58,0,1,0,6,0,2016
RG Sharma (IND),2,2,1,72,62,72.00,36,200.00,0,1,0,4,5,2016
MS Dhoni (IND),5,3,1,71,43,35.50,55,129.09,0,0,0,4,2,2016
Nizakat Khan (HKG),1,1,0,62,62,62.00,43,144.18,0,1,0,7,2,2016
EJG Morgan (ENG),2,2,1,61,47*,61.00,55,110.90,0,0,0,1,2,2016
Khalid Latif (PAK),1,1,1,59,59*,-,,,,,,,,
Sharjeel Khan (PAK),1,1,0,59,59,59.00,36,163.88,0,1,0,7,3,2016
PJ Moor (ZIM),2,2,0,57,31,28.50,53,107.54,0,0,0,2,4,2016
TM Head (AUS),2,2,1,54,45,54.00,28,192.85,0,0,0,4,4,2016
MN Waller (ZIM),3,3,0,54,30,18.00,58,93.10,0,0,0,5,0,2016
DA Warner (AUS),2,2,0,53,28,26.50,40,132.50,0,0,0,8,0,2016
CK Kapugedera (SL),2,2,0,50,43,25.00,37,135.13,0,0,0,3,3,2016
H Masakadza (ZIM),3,3,0,50,25,16.66,48,104.16,0,0,0,5,3,2016
Babar Hayat (HKG),1,1,0,49,49,49.00,31,158.06,0,0,0,2,2,2016
BKG Mendis (SL),3,3,0,48,22,16.00,36,133.33,0,0,0,3,3,2016
MK Pandey (IND),3,2,0,48,48,24.00,36,133.33,0,0,1,1,3,2016
GJ Thompson (IRE),1,1,0,44,44,44.00,32,137.50,0,0,0,7,0,2016
UT Khawaja (AUS),2,2,0,42,36,21.00,37,113.51,0,0,0,2,2,2016
MDKJ Perera (SL),3,3,0,39,22,13.00,39,100.00,0,0,0,6,0,2016
AT Rayudu (IND),3,2,0,39,20,19.50,42,92.85,0,0,0,5,0,2016
AR Patel (IND),3,2,1,38,20*,38.00,20,190.00,0,0,0,1,3,2016
AD Hales (ENG),1,1,0,37,37,37.00,26,142.30,0,0,0,5,0,2016
CJ Chibhabha (ZIM),3,3,0,35,20,11.66,40,87.50,0,0,0,6,0,2016
KA Pollard (WI),2,2,0,35,22,17.50,23,152.17,0,0,0,1,3,2016
AD Russell (WI),2,2,0,35,22,17.50,27,129.62,0,0,0,1,3,2016
CR Brathwaite (WI),2,2,0,32,18,16.00,20,160.00,0,0,0,3,2,2016
KJ O'Brien (IRE),1,1,0,32,32,32.00,24,133.33,0,0,0,3,1,2016
Ehsan Khan (HKG),1,1,1,29,29*,-,,,,,,,,
V Sibanda (ZIM),1,1,0,28,28,28.00,23,121.73,0,0,0,5,0,2016
MD Gunathilaka (SL),1,1,0,26,26,26.00,16,162.50,0,0,0,4,0,2016
T Maruma (ZIM),1,1,1,23,23*,-,,,,,,,,
JJ Roy (ENG),2,2,0,21,21,10.50,23,91.30,0,0,1,2,1,2016
Sikandar Raza (ZIM),2,2,0,21,20,10.50,20,105.00,0,0,0,2,0,2016
RLB Rambukwella (SL),1,1,0,19,19,19.00,16,118.75,0,0,0,1,1,2016
LMP Simmons (WI),2,2,0,19,19,,,,,,,,,
V Kohli (IND),2,1,0,16,16,16.00,,,,,,,,
JM Vince (ENG),1,1,0,16,16,16.00,14,114.28,0,0,0,2,0,2016
Babar Azam (PAK),1,1,1,15,15*,-,,,,,,,,
DA Rankin (IRE),1,1,0,15,15,15.00,17,88.23,0,0,0,1,1,2016
MS Wade (AUS),1,1,0,14,14,14.00,23,60.86,0,0,0,0,0,2016
MM Ali (ENG),1,1,1,13,13*,-,,,,,,,,
E Lewis (WI),9,9,1,357,125*,44.62,231,154.54,1,2,0,20,31,2017
MN Samuels (WI),9,9,2,283,89*,40.42,259,109.26,0,1,0,27,12,2017
Shaiman Anwar (UAE),3,3,1,157,117*,78.50,96,163.54,1,0,0,14,7,2017
AB de Villiers (SA),3,3,1,146,65*,73.00,97,150.51,0,1,0,10,7,2017
CAK Walton (WI),9,8,0,144,40,18.00,120,120.00,0,0,1,14,7,2017
Babar Azam (PAK),4,4,0,137,43,34.25,132,103.78,0,0,0,11,2,2017
JM Bairstow (ENG),3,3,1,134,60*,67.00,93,144.08,0,1,0,15,4,2017
AD Hales (ENG),3,3,1,126,47*,63.00,83,151.80,0,0,0,13,5,2017
V Kohli (IND),2,2,0,121,82,60.50,76,159.21,0,1,0,14,2,2017
JJ Roy (ENG),4,4,0,103,67,25.75,68,151.47,0,1,1,13,3,2017
F Behardien (SA),3,3,1,99,64*,49.50,81,122.22,0,1,0,6,4,2017
CR Brathwaite (WI),9,5,3,96,37*,48.00,83,115.66,0,0,0,5,5,2017
Kamran Akmal (PAK),4,4,0,90,48,22.50,80,112.50,0,0,1,10,4,2017
Ahmed Shehzad (PAK),4,4,0,84,53,21.00,75,112.00,0,1,0,10,1,2017
Rameez Shahzad (UAE),3,3,1,82,47,41.00,84,97.61,0,0,0,5,0,2017
DJ Malan (ENG),1,1,0,78,78,78.00,44,177.27,0,1,0,12,2,2017
Shoaib Malik (PAK),4,4,2,77,38*,38.50,64,120.31,0,0,0,7,2,2017
JT Smuts (SA),3,3,0,74,45,24.66,66,112.12,0,0,1,6,4,2017
Muhammad Usman (UAE),3,2,0,72,58,36.00,67,107.46,0,1,0,9,0,2017
JC Buttler (ENG),4,3,0,71,31,23.66,57,124.56,0,0,0,4,2,2017
S Bau (PNG),3,3,1,69,30,34.50,60,115.00,0,0,0,4,2,2017
MD Dai (PNG),3,3,0,60,31,20.00,58,103.44,0,0,0,3,0,2017
JN Mohammed (WI),5,4,3,59,23*,59.00,66,89.39,0,0,0,5,1,2017
CH Gayle (WI),2,2,0,58,40,29.00,41,141.46,0,0,0,4,5,2017
L Siaka (PNG),3,3,0,56,31,18.66,55,101.81,0,0,1,6,1,2017
TP Ura (PNG),3,3,0,56,29,18.66,49,114.28,0,0,0,8,0,2017
EMDY Munaweera (SL),1,1,0,53,53,53.00,29,182.75,0,1,0,5,4,2017
M Mosehle (SA),3,2,0,51,36,25.50,34,150.00,0,0,0,2,5,2017
MK Pandey (IND),1,1,1,51,51*,-,,,,,,,,
KD Karthik (IND),1,1,0,48,48,48.00,29,165.51,0,0,0,5,3,2017
Mohammad Nabi (AFG),3,3,0,48,38,16.00,47,102.12,0,0,0,3,2,2017
LMP Simmons (WI),7,7,2,45,17*,,,,,,,,,
JNT Vare (PNG),3,3,0,45,38,15.00,48,93.75,0,0,0,2,0,2017
Noor Ali Zadran (AFG),2,2,0,41,35,20.50,25,164.00,0,0,0,6,2,2017
JO Holder (WI),4,3,1,40,26*,20.00,33,121.21,0,0,1,4,1,2017
SMA Priyanjan (SL),1,1,1,40,40*,-,,,,,,,,
RR Pant (IND),1,1,0,38,38,38.00,35,108.57,0,0,0,2,1,2017
Karim Janat (AFG),3,3,0,36,20,12.00,43,83.72,0,0,0,2,2,2017
R Powell (WI),7,4,1,35,28,11.66,29,120.68,0,0,1,2,2,2017
Rashid Khan (AFG),3,2,0,35,33,17.50,31,112.90,0,0,0,2,2,2017
Gulbadin Naib (AFG),3,3,1,31,12,15.50,27,114.81,0,0,0,3,2,2017
Amir Hamza (AFG),3,2,1,27,21,27.00,21,128.57,0,0,0,2,1,2017
Asghar Afghan (AFG),3,3,0,27,13,,,,,,,,,
AL Phehlukwayo (SA),3,2,1,27,27*,27.00,21,128.57,0,0,1,4,0,2017
Fakhar Zaman (PAK),3,2,0,26,21,13.00,29,89.65,0,0,0,0,1,2017
Mohammed Qasim (UAE),2,2,1,26,13*,26.00,38,68.42,0,0,0,1,0,2017
KA Pollard (WI),6,4,0,26,14,,,,,,,,,
Shafiqullah (AFG),3,3,0,26,25,,,,,,,,,
Najibullah Zadran (AFG),3,3,1,25,11,12.50,22,113.63,0,0,0,2,0,2017
Wahab Riaz (PAK),4,2,0,25,24,12.50,12,208.33,0,0,0,1,2,2017
Fakhar Zaman (PAK),10,10,0,417,91,41.70,264,157.95,0,3,0,50,14,2018
AJ Finch (AUS),6,6,1,390,172,78.00,193,202.07,1,2,0,32,25,2018
Shoaib Malik (ICC/PAK),11,10,6,300,53,75.00,178,168.53,0,1,0,19,16,2018
Hussain Talat (PAK),10,10,1,264,63,29.33,226,116.81,0,1,1,22,4,2018
Sarfaraz Ahmed (PAK),10,8,2,241,89*,40.16,157,153.50,0,1,0,28,6,2018
RG Sharma (IND),5,5,1,234,100*,58.50,158,148.10,1,1,1,23,11,2018
HG Munsey (SCOT),6,6,0,229,71,38.16,137,167.15,0,1,1,27,9,2018
SF Mire (ZIM),4,4,0,212,94,53.00,163,130.06,0,2,0,17,11,2018
PR Stirling (IRE),8,8,0,206,81,25.75,138,149.27,0,2,1,22,9,2018
GC Wilson (IRE),8,8,1,204,58,29.14,183,111.47,0,1,0,13,5,2018
KL Rahul (IND),4,4,1,196,101*,65.33,108,181.48,1,1,0,14,13,2018
KJ Coetzer (SCOT),6,6,0,185,54,30.83,121,152.89,0,1,0,25,4,2018
DJM Short (AUS),5,5,0,181,76,36.20,155,116.77,0,1,0,17,6,2018
JC Buttler (ENG),4,4,0,178,69,44.50,109,163.30,0,2,0,24,7,2018
RD Berrington (SCOT),6,6,3,169,64*,56.33,114,148.24,0,1,0,20,4,2018
Mahmudullah (BAN),6,6,2,168,45,42.00,128,131.25,0,0,0,15,7,2018
Babar Azam (PAK),3,3,1,165,97*,82.50,111,148.64,0,2,0,22,1,2018
Asif Ali (PAK),10,9,5,158,41*,39.50,99,159.59,0,0,1,8,11,2018
Hazratullah Zazai (AFG),2,2,0,156,82,78.00,87,179.31,0,2,0,14,13,2018
JJ Roy (ENG),4,4,0,156,67,39.00,89,175.28,0,1,0,17,8,2018
AD Hales (ENG),4,4,1,145,58*,48.33,107,135.51,0,1,0,12,7,2018
Tamim Iqbal (BAN/ICC),7,7,0,145,74,20.71,121,119.83,0,1,2,15,5,2018
MN Samuels (WI),7,7,0,142,43,20.28,111,127.92,0,0,0,11,9,2018
D Ramdin (WI),7,6,2,133,44*,33.25,97,137.11,0,0,1,9,9,2018
Shakib Al Hasan (BAN),6,6,0,131,60,21.83,101,129.70,0,1,0,17,2,2018
Litton Das (BAN),6,6,0,129,61,21.50,95,135.78,0,1,0,13,4,2018
Asghar Afghan (AFG),5,5,0,124,37,24.80,113,109.73,0,0,0,3,8,2018
Simi Singh (IRE),8,8,1,123,57*,17.57,96,128.12,0,1,3,10,4,2018
Mohammad Shahzad (AFG),5,5,0,120,40,24.00,103,116.50,0,0,0,14,4,2018
AD Russell (WI),4,4,2,120,47,60.00,62,193.54,0,0,0,5,14,2018
Samiullah Shinwari (AFG),5,5,1,120,49,30.00,95,126.31,0,0,0,6,8,2018
V Kohli (IND),5,5,1,119,47,29.75,99,120.20,0,0,1,4,5,2018
Mushfiqur Rahim (BAN),6,6,0,119,46,19.83,101,117.82,0,0,0,12,1,2018
ADS Fletcher (WI),7,7,0,116,52,16.57,110,105.45,0,1,1,8,6,2018
CS MacLeod (SCOT),6,6,2,113,46*,28.25,110,102.72,0,0,0,10,0,2018
TM Head (AUS),6,5,1,109,48,27.25,85,128.23,0,0,0,8,1,2018
JNK Shannon (IRE),6,6,0,109,60,18.16,77,141.55,0,1,0,12,5,2018
SK Raina (IND),5,3,0,106,69,35.33,71,149.29,0,1,0,9,4,2018
A Balbirnie (IRE),6,6,0,105,74,17.50,81,129.62,0,1,1,14,1,2018
W Barresi (NED),3,3,1,102,53*,51.00,80,127.50,0,1,0,10,1,2018
TK Musakanda (ZIM),4,4,0,98,43,24.50,74,132.43,0,0,0,7,2,2018
MP O'Dowd (NED),4,4,0,95,39,23.75,68,139.70,0,0,0,13,1,2018
MH Cross (SCOT),6,5,1,93,50,23.25,83,112.04,0,1,0,7,0,2018
S Dhawan (IND),4,4,0,93,74,23.25,64,145.31,0,1,0,8,5,2018
TP Visee (NED),5,5,0,93,25,18.60,58,160.34,0,0,0,17,1,2018
R Powell (WI),6,6,1,91,43,18.20,82,110.97,0,0,0,6,4,2018
SA Edwards (NED),5,5,3,85,34*,42.50,54,157.40,0,0,0,9,2,2018
HH Pandya (IND),5,4,4,83,33*,-,,,,,,,,
GJ Maxwell (AUS),6,5,1,81,56,20.25,59,137.28,0,1,0,4,5,2018
WTS Porterfield (IRE),5,5,0,77,33,15.40,68,113.23,0,0,0,6,3,2018
MP O'Dowd (NED),9,9,0,319,69,35.44,237,134.59,0,4,0,29,9,2019
Syed Aziz (MAS),10,10,2,275,57*,34.37,197,139.59,0,3,2,30,10,2019
Adnan Idrees (KUW),6,6,0,259,80,43.16,157,164.96,0,3,0,35,9,2019
BN Cooper (NED),9,9,1,258,91*,32.25,177,145.76,0,2,0,20,13,2019
SJ Baard (NAM),6,6,2,235,92,58.75,161,145.96,0,3,0,17,10,2019
CR Ervine (ZIM),6,6,1,232,68*,46.40,167,138.92,0,3,0,22,11,2019
Shafiq Sharif (MAS),10,10,0,225,53,22.50,171,131.57,0,1,2,32,5,2019
S Wickramasekara (CZK-R),5,5,2,219,104*,73.00,104,210.57,1,1,0,17,18,2019
P Khadka (NEP),5,5,1,217,86*,54.25,138,157.24,0,2,0,26,10,2019
PM Seelaar (NED),9,9,4,214,96*,42.80,151,141.72,0,1,0,16,6,2019
Ashfaq Ahmed (UAE),4,4,0,210,75,52.50,150,140.00,0,3,0,29,5,2019
Bilal Zalmai (Aut),5,4,1,208,111*,69.33,109,190.82,1,0,0,16,16,2019
BBJL Perera (ITA),8,7,1,208,67,34.66,144,144.44,0,1,0,23,8,2019
Ahmed Faiz (MAS),10,10,1,202,45,22.44,179,112.84,0,0,0,14,6,2019
J Butler (GUE),9,8,1,201,65*,28.71,214,93.92,0,1,0,20,1,2019
N Davin (NAM),7,7,1,196,54,32.66,128,153.12,0,1,0,20,8,2019
HG Munsey (SCOT),4,4,1,194,127*,64.66,104,186.53,1,0,0,12,18,2019
NS Dhaliwal (CAN),6,5,2,190,54,63.33,143,132.86,0,2,0,11,12,2019
Ravinderpal Singh (CAN),6,4,1,189,101,63.00,99,190.90,1,1,1,10,18,2019
Virandeep Singh (MAS),7,7,0,184,57,26.28,186,98.92,0,1,1,17,4,2019
Tamoor Sajjad (QAT),7,7,2,183,46*,36.60,149,122.81,0,0,0,13,9,2019
R Sandaruwan (KUW),6,6,0,181,88,30.16,115,157.39,0,1,1,12,15,2019
H Gori (CZK-R),5,5,0,179,66,35.80,126,142.06,0,1,0,19,12,2019
CAJ Meschede (GER),5,5,1,179,67,44.75,115,155.65,0,1,1,9,14,2019
JW Jenner (JER),8,8,1,174,71,24.85,146,119.17,0,1,0,11,7,2019
Muhammad Kashif (KUW),6,6,3,173,51,57.66,146,118.49,0,1,0,9,11,2019
HAM Shah (DEN),9,8,0,172,40,21.50,168,102.38,0,0,0,18,2,2019
S Pokhriyal (CZK-R),5,5,0,170,79,34.00,149,114.09,0,1,0,28,3,2019
Muhammad Tanveer (QAT),7,7,0,166,50,23.71,138,120.28,0,2,0,16,8,2019
NJ Ferraby (JER),7,7,1,160,81*,26.66,144,111.11,0,1,1,21,0,2019
BRM Taylor (ZIM),8,8,0,158,40,19.75,113,139.82,0,0,1,23,5,2019
A Balbirnie (IRE),4,4,1,157,64,52.33,85,184.70,0,1,0,18,6,2019
Mohammed Rizlan (QAT),7,7,3,153,38*,38.25,142,107.74,0,0,0,10,7,2019
BDH Stevens (JER),8,8,1,153,44,21.85,147,104.08,0,0,0,16,2,2019
C Bisson (JER),8,8,1,152,54,21.71,114,133.33,0,1,2,19,3,2019
NG Collins (FIN),5,5,0,151,56,30.20,164,92.07,0,2,0,10,0,2019
KJ O'Brien (IRE),5,5,0,151,63,30.20,96,157.29,0,1,0,15,8,2019
DG Blampied (JER),8,7,2,150,43*,30.00,136,110.29,0,0,0,14,0,2019
VB Chikkannaiah (GER),7,7,1,148,70*,24.66,167,88.62,0,1,0,10,2,2019
G Malla (NEP),6,6,0,146,51,24.33,102,143.13,0,1,0,13,9,2019
H Masakadza (ZIM),8,8,0,146,71,18.25,123,118.69,0,1,1,12,7,2019
RD Berrington (SCOT),4,4,1,145,76,48.33,91,159.34,0,1,0,14,6,2019
SR Taylor (USA),6,6,1,144,56*,28.80,128,112.50,0,1,1,15,6,2019
R Panchal (ESP),5,4,1,143,71*,47.66,115,124.34,0,1,0,8,5,2019
S Periyalwar (ROM),4,4,2,140,105*,70.00,91,153.84,1,0,1,15,6,2019
Riazat Ali Shah (UGA),4,4,2,140,53*,70.00,108,129.62,0,1,0,8,8,2019
MG Erasmus (NAM),7,5,1,139,56,34.75,98,141.83,0,1,0,12,9,2019
SA Edwards (NED),9,9,1,138,37,17.25,99,139.39,0,0,1,17,1,2019
LB Ferbrache (GUE),9,8,0,138,55,17.25,142,97.18,0,1,0,6,3,2019
Yusuf Ebrahim (PAN),3,3,1,137,72,68.50,97,141.23,0,1,0,14,5,2019
Shaheryar Butt (Belg),4,4,2,236,125*,118.00,111,212.61,1,1,0,18,17,2020
DJ Malan (ENG),6,6,1,213,66,42.60,160,133.12,0,2,0,24,4,2020
Mohammad Hafeez (PAK),3,2,1,155,86*,155.00,88,176.13,0,2,0,9,10,2020
T Banton (ENG),6,6,0,149,71,24.83,109,136.69,0,1,0,13,6,2020
AJ Finch (AUS),3,3,0,125,46,41.66,91,137.36,0,0,0,15,4,2020
J Mees (LUX),4,4,1,124,67*,41.33,94,131.91,0,1,0,19,1,2020
Wahidullah Usmani (Belg),4,4,0,122,72,30.50,110,110.90,0,1,0,13,2,2020
JC Buttler (ENG),2,2,1,121,77*,121.00,83,145.78,0,1,0,13,4,2020
JM Bairstow (ENG),6,6,0,118,55,19.66,93,126.88,0,1,1,10,5,2020
HS Gericke (MLT),3,2,0,114,91,57.00,72,158.33,0,1,0,11,3,2020
Saber Zakhil (Belg),4,4,1,111,44,37.00,66,168.18,0,0,0,7,8,2020
MM Ali (ENG),6,6,1,108,61,21.60,75,144.00,0,1,0,8,6,2020
H Gori (CZK-R),4,4,0,106,38,26.50,79,134.17,0,0,1,13,5,2020
EJG Morgan (ENG),5,5,0,102,66,20.40,57,178.94,0,1,0,9,6,2020
MP Stoinis (AUS),3,3,1,84,35,42.00,62,135.48,0,0,0,7,3,2020
T Whiteman (LUX),4,4,2,84,36,42.00,57,147.36,0,0,0,10,0,2020
K Dasan (BUL),3,2,0,78,47,39.00,64,121.87,0,0,0,8,2,2020
V Vijh (LUX),4,4,0,78,43,19.50,83,93.97,0,0,0,4,3,2020
Babar Azam (PAK),3,2,0,77,56,38.50,62,124.19,0,1,0,10,0,2020
S Wickramasekara (CZK-R),4,4,0,75,60,18.75,59,127.11,0,1,0,4,5,2020
J Barker (LUX),4,4,0,73,39,18.25,89,82.02,0,0,0,7,1,2020
Sazzad Hosen (Belg),4,4,0,73,34,18.25,74,98.64,0,0,0,9,0,2020
IA De Silva (BUL),3,2,0,58,42,29.00,32,181.25,0,0,0,3,4,2020
DA Warner (AUS),2,2,0,58,58,29.00,50,116.00,0,1,1,4,0,2020
Haider Ali (PAK),1,1,0,54,54,54.00,33,163.63,0,1,0,5,2,2020
G Chaturvedi (MLT),3,2,0,52,32,26.00,46,113.04,0,0,0,8,0,2020
IDA Damarell (GUE),1,1,0,52,52,52.00,31,167.74,0,1,0,6,3,2020
A Ashokan (CZK-R),4,4,0,51,23,12.75,54,94.44,0,0,0,3,1,2020
S Davizi (CZK-R),4,4,0,45,27,11.25,63,71.42,0,0,0,5,0,2020
AC Agar (AUS),3,3,1,43,23,21.50,38,113.15,0,0,0,3,0,2020
SW Billings (ENG),4,4,1,43,26,14.33,38,113.15,0,0,0,4,1,2020
A McAuley (IOM),1,1,0,43,43,43.00,53,81.13,0,0,0,3,0,2020
SSM Stanislaus (MLT),3,2,1,42,26,42.00,33,127.27,0,0,0,1,2,2020
S Browne (LUX),4,4,0,41,21,10.25,49,83.67,0,0,1,4,0,2020
Mamoon Latif (Belg),4,4,0,41,25,10.25,45,91.11,0,0,0,2,1,2020
Khalid Ahmadi (Belg),4,3,2,39,25*,39.00,14,278.57,0,0,0,4,3,2020
MR Marsh (AUS),1,1,1,39,39*,-,,,,,,,,
J Butler (GUE),1,1,1,37,37*,-,,,,,,,,
KC D'Souza (BUL),3,2,1,37,22*,37.00,21,176.19,0,0,0,4,2,2020
Fakhar Zaman (PAK),3,2,0,37,36,18.50,25,148.00,0,0,0,5,1,2020
S Kushretha (LUX),4,3,0,37,28,12.33,39,94.87,0,0,0,2,0,2020
Ravinder Singh (MLT),3,1,0,34,34,34.00,18,188.88,0,0,0,3,2,2020
Haroon Mughal (MLT),3,1,0,33,33,33.00,13,253.84,0,0,0,0,4,2020
GJ Maxwell (AUS),3,3,0,33,26,11.00,31,106.45,0,0,0,1,1,2020
EB Knowles (CZK-R),4,4,1,32,17,10.66,52,61.53,0,0,0,3,0,2020
SPD Smith (AUS),3,3,0,31,18,10.33,22,140.90,0,0,0,3,2,2020
Bakhtiar Tahiri (BUL),3,2,0,30,29,15.00,32,93.75,0,0,0,1,3,2020
S Pokhriyal (CZK-R),4,4,1,30,15*,10.00,37,81.08,0,0,1,3,0,2020
JL Denly (ENG),1,1,1,29,29*,-,,,,,,,,
VP Thamotharam (MLT),2,2,1,29,24*,29.00,18,161.11,0,0,0,4,1,2020
Mohammad Rizwan (PAK),14,11,5,555,91*,92.50,402,138.05,0,6,2,48,15,2021
Babar Azam (PAK),14,11,0,474,122,43.09,359,132.03,1,4,0,52,9,2021
Q de Kock (SA),10,10,2,455,72,56.87,335,135.82,0,5,0,44,12,2021
AK Markram (SA),13,11,1,408,70,40.80,272,150.00,0,4,0,35,18,2021
MR Marsh (AUS),10,10,0,375,75,37.50,302,124.17,0,4,0,36,12,2021
W Madhevere (ZIM),14,14,0,332,73,23.71,278,119.42,0,3,2,33,5,2021
R Satheesan (ROM),9,9,1,330,76,41.25,164,201.21,0,3,1,41,18,2021
E Lewis (WI),10,10,1,329,79,36.55,199,165.32,0,3,1,25,26,2021
TC Barker (LUX),8,8,0,325,78,40.62,255,127.45,0,2,0,31,5,2021
B Arora (MLT),12,12,4,299,66*,37.37,320,93.43,0,2,1,34,4,2021
VP Thamotharam (MLT),13,13,2,285,104*,25.90,203,140.39,1,0,1,24,12,2021
K Bhurtel (NEP),5,5,1,278,77,69.50,198,140.40,0,4,0,24,16,2021
PR Stirling (IRE),8,8,1,277,115*,39.57,208,133.17,1,0,0,27,14,2021
Azhar Andani (PORT),4,4,0,276,100,69.00,179,154.18,1,1,0,27,6,2021
Taranjeet Singh (ROM),8,8,1,276,91,39.42,141,195.74,0,3,1,38,12,2021
CR Ervine (ZIM),9,9,1,275,67*,34.37,238,115.54,0,1,0,27,6,2021
Mohammad Naim (BAN),13,13,1,267,63*,22.25,289,92.38,0,1,0,21,4,2021
Mahmudullah (BAN),13,13,3,264,52,26.40,270,97.77,0,1,2,16,6,2021
Zeeshan Kukikhel (HUN),4,4,0,263,82,65.75,150,175.33,0,3,0,37,10,2021
RR Hendricks (SA),8,8,1,259,69,37.00,195,132.82,0,2,0,27,5,2021
RW Chakabva (ZIM),14,14,0,251,48,17.92,181,138.67,0,0,2,14,14,2021
H Lakov (BUL),8,8,3,249,68*,49.80,209,119.13,0,3,0,25,4,2021
LMP Simmons (WI),9,9,1,246,72,30.75,204,120.58,0,1,0,24,13,2021
S Davizi (CZK-R),7,7,0,244,57,34.85,164,148.78,0,2,1,28,7,2021
N Pooran (WI),14,10,2,242,62*,30.25,188,128.72,0,1,0,17,16,2021
Saber Zakhil (Belg),8,7,2,231,100*,46.20,128,180.46,1,1,2,11,19,2021
Saud Islam (UGA),8,7,0,230,75,32.85,218,105.50,0,2,1,18,6,2021
Amoluk Singh (GHA),5,5,1,219,80*,54.75,155,141.29,0,2,0,30,7,2021
Riazat Ali Shah (UGA),10,8,1,218,59,31.14,140,155.71,0,1,0,15,13,2021
DA Miller (SA),9,9,3,217,75*,36.16,145,149.65,0,1,0,15,8,2021
HE van der Dussen (SA),11,9,2,214,56*,30.57,164,130.48,0,2,0,14,8,2021
J Mees (LUX),8,8,0,206,50,25.75,153,134.64,0,1,2,17,8,2021
Razmal Shigiwal (Aut),7,7,2,206,70,41.20,146,141.09,0,2,0,15,7,2021
Afif Hossain (BAN),13,11,3,205,49*,25.62,166,123.49,0,0,1,12,10,2021
CH Gayle (WI),13,13,3,198,67,19.80,156,126.92,0,1,0,14,15,2021
Shakib Al Hasan (BAN),12,11,0,196,36,17.81,186,105.37,0,0,1,20,2,2021
M Shumba (ZIM),10,8,4,191,66*,47.75,144,132.63,0,1,0,13,9,2021
S Adedeji (NGA),6,6,0,190,68,31.66,183,103.82,0,2,1,19,6,2021
LS Livingstone (ENG),6,5,1,190,103,47.50,104,182.69,1,0,0,10,14,2021
M Simpson-Parker (Aut),7,7,1,190,65*,31.66,158,120.25,0,2,1,11,6,2021
Fakhar Zaman (PAK),13,10,1,183,60,20.33,124,147.58,0,1,1,18,9,2021
RP Burl (ZIM),12,11,5,181,37*,30.16,145,124.82,0,0,0,13,8,2021
Zeeshan Khan (MLT),12,12,0,181,47,15.08,158,114.55,0,0,1,18,3,2021
SSM Stanislaus (MLT),13,12,1,177,35,16.09,201,88.05,0,0,0,13,5,2021
AD Russell (WI),13,11,4,176,51,25.14,101,174.25,0,1,1,8,18,2021
H Singh (GER),8,8,1,176,68*,25.14,131,134.35,0,1,0,23,1,2021
A Venkatesh (SWE),7,7,0,174,54,24.85,142,122.53,0,1,0,18,1,2021
IA De Silva (BUL),8,8,1,172,100*,24.57,167,102.99,1,0,2,17,9,2021
MP O'Dowd (NED),4,4,1,172,133*,57.33,111,154.95,1,0,0,21,7,2021
RD Berrington (SCOT),3,3,1,168,82*,84.00,143,117.48,0,1,0,12,6,2021
S Davizi (CZK-R),15,15,3,612,115*,51.00,418,146.41,2,2,0,69,22,2022
Mohammad Rizwan (PAK),12,12,2,597,88*,59.70,467,127.83,0,7,0,44,16,2022
SA Yadav (IND),17,17,1,575,117,35.93,318,180.81,1,3,2,51,34,2022
Sikandar Raza (ZIM),16,15,2,516,87,39.69,339,152.21,0,4,2,36,27,2022
Saim Hussain (BUL),15,15,2,492,108*,37.84,330,149.09,1,4,1,41,23,2022
Razmal Shigiwal (Aut),17,16,3,486,95*,37.38,325,149.53,0,2,2,42,19,2022
Dylan Steyn (CZK-R),15,15,0,465,106,31.00,350,132.85,1,2,0,55,8,2022
HH Pandya (IND),19,18,6,436,71*,36.33,288,151.38,0,2,1,37,22,2022
Taranjeet Singh (ROM),11,11,1,428,110,42.80,258,165.89,1,2,0,46,23,2022
Iqbal Hossain (Aut),12,11,0,412,71,37.45,233,176.82,0,3,0,35,34,2022
Riazat Ali Shah (UGA),13,13,5,409,98*,51.12,346,118.20,0,2,0,30,15,2022
BA Pai (GIBR),10,10,3,406,86*,58.00,331,122.65,0,3,0,44,5,2022
KC D'Souza (BUL),17,16,4,405,92*,33.75,244,165.98,0,2,1,21,31,2022
IA De Silva (BUL),17,17,1,390,59,24.37,336,116.07,0,3,1,38,17,2022
S Ssesazi (UGA),13,13,1,388,78,32.33,349,111.17,0,4,2,36,10,2022
LA Dunbar (SRB),11,11,3,386,117,48.25,268,144.02,1,2,0,28,29,2022
Basil George (MLT),13,13,1,383,93*,31.91,274,139.78,0,3,0,26,22,2022
Faheem Nazir (SUI),7,7,1,382,113,63.66,252,151.58,2,2,0,41,10,2022
RG Sharma (IND),14,14,2,381,72,31.75,243,156.79,0,2,1,37,22,2022
G Mckeon (Fran),5,5,0,377,109,75.40,229,164.62,2,2,0,27,23,2022
A Ashokan (CZK-R),15,14,4,369,50*,36.90,299,123.41,0,1,0,16,17,2022
V Kohli (IND),10,10,2,364,122*,45.50,257,141.63,1,3,1,26,16,2022
Babar Azam (PAK),13,13,2,353,110*,32.09,262,134.73,1,1,1,34,8,2022
W Madhevere (ZIM),15,15,2,347,73*,26.69,273,127.10,0,3,0,46,2,2022
DJ Malan (ENG),12,12,1,346,78*,31.45,247,140.08,0,2,1,37,13,2022
HAM Shah (DEN),8,8,1,336,99,48.00,273,123.07,0,4,1,29,8,2022
H Lakov (BUL),17,16,3,326,61,25.07,324,100.61,0,1,0,26,1,2022
RR Hendricks (SA),8,7,0,323,74,46.14,231,139.82,0,4,0,40,5,2022
GD Phillips (NZ),9,8,2,319,76,53.16,220,145.00,0,3,0,20,13,2022
R Satheesan (ROM),11,11,1,313,86*,31.30,226,138.49,0,2,1,33,12,2022
Afif Hossain (BAN),10,10,3,309,77*,44.14,232,133.18,0,2,1,23,10,2022
P Mishra (BUL),17,17,0,306,55,18.00,218,140.36,0,2,2,17,27,2022
A Dizija (SRB),10,10,0,303,92,30.30,262,115.64,0,3,1,34,8,2022
Janak Prakash (SGP),13,13,2,302,56,27.45,239,126.35,0,1,0,16,13,2022
Najibullah Zadran (AFG),13,13,3,300,57,30.00,193,155.44,0,2,1,15,21,2022
MM Ali (ENG),13,10,3,296,55*,42.28,171,173.09,0,3,1,22,19,2022
Rahmanullah Gurbaz (AFG),12,12,0,294,84,24.50,210,140.00,0,2,1,27,15,2022
HC Brook (ENG),10,9,3,293,81*,48.83,187,156.68,0,1,0,26,14,2022
AM Tribe (JER),8,8,1,292,73*,41.71,222,131.53,0,2,0,31,10,2022
MTMMJ Ave (COK),6,6,2,290,92*,72.50,225,128.88,0,3,0,30,10,2022
BFW de Leede (NED),7,7,3,289,91*,72.25,235,122.97,0,3,0,23,8,2022
Ibrahim Zadran (AFG),10,10,3,287,64*,41.00,252,113.88,0,1,0,24,7,2022
S Chandramohan (SGP),13,13,0,281,100,21.61,225,124.88,1,0,1,22,15,2022
NG Collins (FIN),10,10,0,280,79,28.00,279,100.35,0,1,0,22,6,2022
Omar Rassol (BUL),13,12,3,279,99*,31.00,193,144.55,0,2,1,22,18,2022
S Wickramasekara (CZK-R),15,15,3,279,63,23.25,202,138.11,0,2,3,19,17,2022
VP Thamotharam (MLT),11,11,2,274,57,30.44,162,169.13,0,3,1,15,23,2022
DJ Hooda (IND),9,8,2,272,104,45.33,172,158.13,1,0,0,26,12,2022
MWR Stokes (GUE),12,11,3,271,48,33.87,239,113.38,0,0,0,21,5,2022
LJ Tucker (IRE),12,12,0,268,78,22.33,202,132.67,0,2,1,26,10,2022
